item_id	i_year	i_Action	i_Adventure	i_Animation	i_Children's	i_Comedy	i_Crime	i_Documentary	i_Drama	i_Fantasy	i_Film-Noir	i_Horror	i_Musical	i_Mystery	i_Romance	i_Sci-Fi	i_Thriller	i_War	i_Western	i_Other
1	13	0	0	0	1	1	1	0	0	0	0	0	0	0	0	0	0	0	0	0
2	13	0	1	1	0	0	0	0	0	0	0	0	0	0	0	0	0	1	0	0
3	13	0	0	0	0	0	0	0	0	0	0	0	0	0	0	0	0	1	0	0
4	13	0	1	0	0	0	1	0	0	1	0	0	0	0	0	0	0	0	0	0
5	13	0	0	0	0	0	0	1	0	1	0	0	0	0	0	0	0	1	0	0
6	13	0	0	0	0	0	0	0	0	1	0	0	0	0	0	0	0	0	0	0
7	13	0	0	0	0	0	0	0	0	1	0	0	0	0	0	0	1	0	0	0
8	13	0	0	0	0	1	1	0	0	1	0	0	0	0	0	0	0	0	0	0
9	13	0	0	0	0	0	0	0	0	1	0	0	0	0	0	0	0	0	0	0
10	14	0	0	0	0	0	0	0	0	1	0	0	0	0	0	0	0	0	1	0
11	13	0	0	0	0	0	0	1	0	0	0	0	0	0	0	0	0	1	0	0
12	13	0	0	0	0	0	0	1	0	0	0	0	0	0	0	0	0	1	0	0
13	13	0	0	0	0	0	1	0	0	0	0	0	0	0	0	0	0	0	0	0
14	12	0	0	0	0	0	0	0	0	1	0	0	0	0	0	1	0	0	0	0
15	14	0	0	0	0	0	0	0	0	1	0	0	0	0	0	0	0	0	0	0
16	13	0	0	0	0	0	1	0	0	0	0	0	0	0	0	1	0	0	0	0
17	14	0	1	0	0	0	1	1	0	0	0	0	1	0	0	0	0	1	0	0
18	13	0	0	0	0	0	0	0	0	1	0	0	0	0	0	0	0	0	0	0
19	13	0	0	0	0	0	0	0	0	1	0	0	0	0	0	0	0	0	0	0
20	13	0	0	0	0	0	0	0	0	1	0	0	0	0	0	1	0	0	0	0
21	14	0	1	1	0	0	1	0	0	0	0	0	0	1	0	0	0	1	0	0
22	14	0	1	0	0	0	0	0	0	1	0	0	0	0	0	0	0	0	1	0
23	14	0	0	0	0	0	0	0	0	1	0	0	0	0	0	0	0	1	0	0
24	14	0	1	1	0	0	0	1	0	0	0	0	0	0	0	0	0	0	0	0
25	14	0	0	0	0	0	1	0	0	0	0	0	0	0	0	0	0	0	0	0
26	13	0	0	0	0	0	1	0	0	0	0	0	0	0	0	0	0	0	0	0
27	13	0	1	0	0	0	0	0	0	0	0	0	0	0	0	0	0	0	0	0
28	13	0	1	0	0	0	0	0	0	1	0	0	0	0	0	0	0	1	0	0
29	13	0	1	1	0	0	1	1	0	0	0	0	0	0	0	0	0	0	0	0
30	4	0	0	0	0	0	0	0	0	1	0	0	0	0	0	0	0	0	0	0
31	13	0	0	0	0	0	0	0	0	1	0	0	0	0	0	0	0	1	1	0
32	12	0	0	0	0	0	0	0	1	0	0	0	0	0	0	0	0	0	0	0
33	13	0	1	0	0	0	0	0	0	0	0	0	0	0	0	1	0	1	0	0
34	13	0	0	0	0	0	1	0	0	1	0	0	0	0	0	0	0	0	0	0
35	13	0	0	1	0	1	0	0	0	1	0	0	0	0	0	0	0	0	0	0
36	13	0	0	0	0	0	0	0	0	1	0	0	0	0	0	1	0	0	0	0
37	12	0	0	0	0	0	0	0	0	1	0	0	0	0	0	0	0	0	0	0
38	13	0	0	0	0	0	0	0	0	0	0	0	0	0	0	0	1	1	0	0
39	13	0	1	0	0	0	0	1	0	0	0	0	0	0	0	0	1	0	0	0
40	13	0	0	0	0	0	1	0	0	0	0	0	0	0	0	0	0	0	0	0
41	13	0	0	0	0	0	1	0	0	0	0	0	0	0	0	0	0	0	0	0
42	12	0	0	0	0	0	1	0	0	0	0	0	0	0	0	0	0	0	0	0
43	12	0	0	0	0	0	0	0	0	1	0	0	0	0	0	0	0	1	0	0
44	12	0	0	0	0	0	0	0	0	1	0	0	0	0	0	0	0	1	0	0
45	12	0	0	0	0	0	1	0	0	1	0	0	0	0	0	0	0	0	0	0
46	12	0	0	0	0	0	0	0	0	1	0	0	0	0	0	0	0	0	0	0
47	12	0	0	0	0	0	1	0	0	1	0	0	0	0	0	0	0	0	0	0
48	12	0	0	0	0	0	0	0	1	0	0	0	0	0	0	0	0	0	0	0
49	12	0	0	0	0	0	1	0	0	0	0	0	0	0	0	1	0	0	0	0
50	5	0	1	1	0	0	0	0	0	0	0	0	0	0	0	1	1	0	1	0
51	12	0	0	0	0	0	0	0	0	1	0	0	0	0	0	1	0	0	1	1
52	12	0	0	0	0	0	0	0	0	1	0	0	0	0	0	0	0	0	0	0
53	12	0	1	0	0	0	0	0	0	0	0	0	0	0	0	0	0	1	0	0
54	13	0	1	0	0	0	0	0	0	1	0	0	0	0	0	0	0	1	0	0
55	12	0	0	0	0	0	0	1	0	1	0	0	0	0	0	1	0	1	0	0
56	12	0	0	0	0	0	0	1	0	1	0	0	0	0	0	0	0	0	0	0
57	12	0	0	0	0	0	0	0	0	1	0	0	0	0	0	0	0	0	0	0
58	12	0	0	0	0	0	0	0	0	1	0	0	0	0	0	0	0	0	0	0
59	12	0	0	0	0	0	0	0	0	1	0	0	0	0	0	0	0	0	0	0
60	11	0	0	0	0	0	0	0	0	1	0	0	0	0	0	0	0	0	0	0
61	12	0	0	0	0	0	0	0	0	1	0	0	0	0	0	0	0	0	0	0
62	12	0	1	1	0	0	0	0	0	0	0	0	0	0	0	0	1	0	0	0
63	12	0	0	0	0	1	1	0	0	0	0	0	0	0	0	0	0	0	0	0
64	12	0	0	0	0	0	0	0	0	1	0	0	0	0	0	0	0	0	0	0
65	11	0	0	0	0	0	1	0	0	1	0	0	0	0	0	0	0	0	0	0
66	13	0	0	0	0	0	1	0	0	0	0	0	0	0	0	1	0	0	0	0
67	12	0	0	0	0	0	1	0	0	0	0	0	0	0	0	0	0	0	0	0
68	12	0	1	0	0	0	0	0	0	0	0	0	0	0	0	1	0	1	0	0
69	12	0	0	0	0	0	1	0	0	0	0	0	0	0	0	1	0	0	1	0
70	12	0	0	0	0	0	1	0	0	0	0	0	0	0	0	1	0	0	0	0
71	12	0	0	0	1	1	0	0	0	0	0	0	0	1	0	0	0	0	0	0
72	12	0	0	0	0	0	1	1	0	0	1	0	0	0	0	0	0	0	0	0
73	12	0	1	0	0	0	1	0	0	0	0	0	0	0	0	0	0	0	0	1
74	4	0	1	0	0	0	1	0	0	1	0	0	0	0	0	0	0	0	0	0
75	12	0	0	0	0	0	0	0	1	0	0	0	0	0	0	0	0	0	0	0
76	11	0	0	0	0	0	0	1	0	1	0	0	0	0	0	0	0	0	0	0
77	11	0	0	0	0	0	0	0	0	1	0	0	0	0	0	0	0	1	0	0
78	11	0	0	1	0	1	0	0	0	1	0	0	0	0	0	0	0	0	0	0
79	11	0	1	0	0	0	0	0	0	0	0	0	0	0	0	0	0	1	0	0
80	11	0	1	0	0	0	1	0	0	0	0	0	0	0	0	0	0	0	1	0
81	12	0	0	0	0	0	1	0	0	0	0	0	0	0	0	1	0	0	0	0
82	11	0	1	1	0	0	0	0	0	0	0	0	0	0	0	0	1	0	0	0
83	11	0	0	0	0	0	1	0	0	0	0	0	0	0	0	1	0	0	0	0
84	12	0	0	0	0	0	0	0	0	0	0	0	1	0	0	0	1	0	0	0
85	12	0	0	0	0	0	1	0	0	0	0	0	0	0	0	0	0	0	0	0
86	11	0	0	0	0	0	0	0	0	1	0	0	0	0	0	0	0	0	0	0
87	11	0	0	0	0	0	0	0	0	1	0	0	0	0	0	0	0	0	0	0
88	11	0	0	0	0	0	1	0	0	0	0	0	0	0	0	1	0	0	0	0
89	6	0	0	0	0	0	0	0	0	0	0	1	0	0	0	0	1	0	0	0
90	11	0	0	0	0	0	1	0	0	0	0	0	0	0	0	1	0	1	0	0
91	11	0	0	0	0	1	1	0	0	0	0	0	0	1	0	0	0	0	0	0
92	11	0	1	0	0	0	0	1	0	0	0	0	0	0	0	1	0	0	0	0
93	14	0	0	0	0	0	1	0	0	1	0	0	0	0	0	0	0	0	0	0
94	8	0	0	0	0	1	1	0	0	0	0	0	0	0	0	0	0	0	0	0
95	10	0	0	0	1	1	1	0	0	0	0	0	0	1	0	0	0	0	0	0
96	9	0	1	0	0	0	0	0	0	0	0	0	0	0	0	0	1	1	0	0
97	8	0	0	1	0	0	0	0	0	1	0	0	0	0	0	0	0	0	0	1
98	9	0	0	0	0	0	0	0	0	1	0	0	0	0	0	0	0	1	0	0
99	1	0	0	0	1	1	0	0	0	0	0	0	0	1	0	0	0	0	0	0
100	15	0	0	0	0	0	0	1	0	1	0	0	0	0	0	0	0	1	0	0
101	6	0	1	1	1	0	0	0	0	0	0	0	1	0	0	0	1	0	0	0
102	5	0	0	0	1	1	0	0	0	0	0	0	0	0	0	0	0	0	0	0
103	14	0	0	0	1	1	0	0	0	0	0	0	0	1	0	0	0	0	0	0
104	14	0	0	0	0	0	1	0	0	0	0	0	0	0	0	0	0	0	0	0
105	14	0	0	0	0	0	1	0	0	0	0	0	0	0	0	0	0	0	0	0
106	14	0	0	0	0	0	0	0	0	1	0	0	0	0	0	0	0	1	0	0
107	14	0	0	0	0	0	0	0	0	1	0	0	0	0	0	0	0	0	0	0
108	14	0	0	0	0	0	1	0	0	0	0	0	0	0	0	0	0	0	0	0
109	14	0	0	0	0	0	1	0	0	0	0	0	0	0	0	0	1	0	0	0
110	13	0	1	1	0	0	1	0	0	0	0	0	0	0	0	0	0	0	1	0
111	14	0	0	0	0	0	1	0	0	0	0	0	0	0	0	1	0	0	0	0
112	14	0	0	1	0	1	0	0	0	0	0	0	0	0	0	0	0	0	0	0
113	14	0	0	0	0	0	0	0	0	1	0	0	0	0	0	0	0	0	0	0
114	14	0	0	0	1	0	0	0	0	0	0	0	0	0	0	0	0	0	0	0
115	14	0	0	0	0	0	0	0	1	0	0	0	0	0	0	0	0	0	0	0
116	14	0	0	0	0	0	1	0	0	0	0	0	0	0	0	0	0	0	0	0
117	14	0	1	1	0	0	0	0	0	0	0	0	0	0	0	0	0	1	0	0
118	14	0	1	1	0	0	0	0	0	0	0	0	0	0	0	0	0	1	0	0
119	14	0	0	0	0	0	1	1	0	0	0	0	0	0	0	0	0	0	0	0
120	14	0	1	0	0	0	0	0	0	0	0	0	0	0	0	0	1	0	1	0
121	14	0	0	0	0	0	1	0	0	0	0	0	0	0	0	0	0	0	0	0
122	14	0	0	0	0	0	1	0	0	0	0	0	1	0	0	0	0	0	0	0
123	14	0	0	0	0	0	0	0	0	1	0	0	0	0	1	0	0	0	0	0
124	14	0	0	0	0	0	0	0	0	1	0	0	0	0	0	1	0	0	0	0
125	14	0	0	0	0	0	0	0	0	1	0	0	0	0	0	0	0	0	0	0
126	5	0	1	0	0	0	0	1	0	1	0	0	0	0	0	0	0	0	0	0
127	14	0	1	0	0	0	0	0	0	0	0	0	0	0	0	0	0	1	0	0
128	14	0	0	0	0	0	0	1	0	1	0	0	0	0	0	1	0	1	0	0
129	14	0	0	0	0	0	0	1	0	0	0	0	0	0	0	0	0	0	0	0
130	4	0	0	0	0	0	0	0	0	1	0	0	0	0	0	1	0	0	0	0
131	1	0	0	1	0	1	0	0	0	1	0	0	0	1	0	0	0	0	0	0
132	1	0	0	0	0	0	0	0	0	1	0	0	0	0	0	1	0	0	1	0
133	2	0	0	0	0	0	0	0	0	1	0	0	0	0	0	0	0	0	0	0
134	4	0	0	0	0	0	0	0	0	1	0	0	0	0	1	0	1	1	0	0
135	1	0	0	0	0	0	0	0	0	1	0	0	0	0	0	0	0	0	0	0
136	14	0	0	0	0	0	0	0	0	1	0	0	0	0	0	0	0	0	0	0
137	14	0	0	0	0	1	1	0	0	0	0	0	0	0	0	0	0	0	0	0
138	4	0	0	0	0	1	1	0	0	0	0	0	0	0	0	0	0	0	0	0
139	11	0	0	1	0	1	0	0	0	0	0	0	0	0	0	0	0	0	0	0
140	3	0	0	1	0	1	0	0	0	0	1	0	0	0	0	0	1	0	0	0
141	5	0	0	1	0	1	0	0	0	0	0	0	0	1	0	0	0	0	0	0
142	4	0	0	0	0	0	0	0	0	0	0	0	0	1	0	0	0	0	0	0
143	7	0	1	0	0	0	0	0	0	0	0	0	0	0	0	0	0	1	0	0
144	10	0	1	0	0	0	0	0	0	0	0	0	0	0	0	0	1	1	0	0
145	14	0	0	0	0	0	0	0	0	1	0	0	0	0	0	0	0	0	0	0
146	14	0	1	0	0	0	0	0	0	0	0	0	0	0	0	0	0	1	0	0
147	14	0	1	1	0	0	0	0	0	0	0	0	0	0	0	0	0	0	0	0
148	14	0	0	0	0	0	0	0	0	1	0	0	0	0	0	0	0	0	0	0
149	14	0	0	0	0	0	1	0	0	1	0	0	0	0	0	0	0	0	0	0
150	5	0	0	1	0	1	1	0	0	0	0	0	0	0	0	0	0	0	0	0
151	5	0	0	0	0	0	1	0	0	0	0	0	0	0	0	0	1	0	0	0
152	7	0	0	0	0	0	1	0	0	0	0	0	0	0	0	0	0	0	0	0
153	5	0	0	0	0	0	1	0	0	0	0	0	0	0	0	0	0	0	0	0
154	7	0	0	0	0	0	0	0	0	0	0	0	0	1	0	1	0	0	0	0
155	10	0	0	0	0	0	0	1	0	0	0	0	0	0	0	0	0	1	0	0
156	7	0	0	0	0	0	0	0	0	1	0	0	0	0	0	0	0	0	1	0
157	7	0	0	0	0	0	1	0	0	0	0	0	0	0	0	0	0	0	0	0
158	10	0	0	0	0	0	0	0	0	0	0	0	0	0	1	0	0	1	0	0
159	10	0	0	0	0	0	0	0	0	1	0	0	0	0	0	0	0	0	0	0
160	7	0	1	0	0	0	0	0	0	0	0	0	0	0	0	1	0	0	0	0
161	6	0	0	0	0	0	0	0	0	1	0	0	0	0	0	0	0	0	0	0
162	5	0	0	0	0	0	1	0	0	0	0	0	0	0	0	0	0	0	0	0
163	7	0	1	1	0	0	0	0	0	0	0	0	0	0	0	0	1	1	0	0
164	7	0	0	0	0	0	0	0	0	1	0	0	0	0	0	0	0	0	0	0
165	7	0	0	0	0	0	0	0	0	1	0	0	0	0	0	0	0	0	0	0
166	6	0	0	0	0	0	1	0	0	0	0	0	0	0	0	0	0	0	0	0
167	5	0	0	0	0	0	1	0	0	0	0	0	0	0	0	0	0	0	0	0
168	11	0	0	0	1	0	1	0	0	0	0	0	0	0	0	0	0	0	0	0
169	7	0	0	0	0	0	1	0	0	1	0	0	0	0	0	1	0	0	0	0
170	9	0	0	0	0	0	1	0	0	0	0	0	0	0	0	0	1	0	0	0
171	6	0	1	1	0	0	0	0	0	1	0	0	0	0	0	1	1	0	1	0
172	7	0	1	1	0	0	1	0	0	0	0	0	0	0	0	1	0	0	0	0
173	6	0	1	1	0	0	0	0	0	0	0	0	0	0	0	0	0	0	0	0
174	7	0	0	0	0	0	0	0	0	0	0	0	0	0	0	0	1	0	0	0
175	7	0	1	0	0	0	0	0	0	0	0	0	0	0	0	0	1	1	1	0
176	4	0	1	0	0	0	0	0	0	0	0	0	0	0	0	0	0	0	0	1
177	3	0	0	0	0	0	0	0	0	1	0	0	0	0	0	0	0	0	0	0
178	5	0	0	0	0	0	0	0	0	0	0	0	0	0	0	0	1	0	0	0
179	5	0	0	0	0	0	0	0	0	1	0	0	0	0	0	0	0	0	1	0
180	15	0	1	1	0	0	0	0	0	0	0	0	0	0	0	1	1	0	1	0
181	8	0	0	0	0	0	0	1	0	1	0	0	0	0	0	0	0	0	0	0
182	5	0	1	0	0	0	0	0	0	0	0	0	1	0	0	0	1	1	0	0
183	11	0	1	1	0	0	1	0	0	0	0	0	1	0	0	0	1	0	0	0
184	4	0	0	0	0	0	0	0	0	0	0	0	1	0	0	1	0	1	0	0
185	6	0	1	0	0	0	1	0	0	0	0	0	0	1	0	0	0	0	0	0
186	5	0	1	0	0	0	0	1	0	1	0	0	0	0	0	0	0	0	0	0
187	7	0	1	0	0	0	0	0	0	1	0	0	0	0	0	0	0	0	1	0
188	10	0	0	0	1	0	1	0	0	0	0	0	0	0	0	0	0	0	0	0
189	7	0	0	0	0	0	0	0	0	1	0	0	0	0	0	0	0	0	1	0
190	6	0	0	0	0	0	0	0	0	1	0	0	0	0	1	0	0	0	0	0
191	6	0	0	0	0	0	0	0	0	1	0	0	0	0	0	0	0	0	0	0
192	6	0	0	0	0	0	0	0	0	1	0	0	0	0	0	0	0	0	0	0
193	5	0	0	0	0	0	1	1	0	0	0	0	0	0	0	0	0	0	0	0
194	6	0	1	0	0	0	0	0	0	0	0	0	0	0	0	0	1	1	0	0
195	7	0	0	0	0	0	0	0	0	1	0	0	0	0	0	0	0	0	0	0
196	4	0	0	0	0	0	0	0	0	1	0	0	0	0	0	1	0	0	0	0
197	8	0	0	0	0	0	0	0	0	0	0	0	0	0	0	0	0	1	0	0
198	3	0	0	0	0	0	0	0	0	1	0	0	0	0	0	0	0	0	1	0
199	6	0	0	0	0	0	0	0	0	0	0	0	1	0	0	0	0	0	0	0
200	7	0	1	1	0	0	1	0	0	0	0	0	1	0	0	0	0	0	0	0
201	11	0	0	0	0	0	1	0	0	0	0	0	0	0	0	1	0	0	0	0
202	10	0	0	0	0	0	0	0	0	0	0	0	0	0	0	0	0	0	0	1
203	7	0	0	0	0	0	1	0	0	0	0	0	0	0	0	0	1	0	0	0
204	5	0	0	0	0	0	0	0	0	1	0	0	0	0	0	0	0	0	1	0
205	7	0	0	1	1	0	0	0	0	0	0	0	0	0	0	0	1	1	0	0
206	8	0	1	0	0	0	0	0	0	1	0	0	0	0	0	1	0	0	0	0
207	5	0	0	0	0	0	1	0	0	0	0	0	1	0	0	0	0	0	0	0
208	6	0	0	0	0	0	1	0	0	1	0	0	0	1	0	0	0	0	0	0
209	7	0	1	1	0	0	0	0	0	0	0	0	0	0	0	0	0	0	0	0
210	5	0	0	0	0	0	1	0	0	0	0	0	0	0	0	0	0	0	1	0
211	7	0	0	0	0	0	0	0	0	1	0	0	0	0	0	0	0	0	0	0
212	7	0	0	0	0	0	0	0	0	1	0	0	0	0	0	1	0	0	0	0
213	6	0	0	0	0	0	0	0	0	1	0	0	0	1	0	0	0	0	1	0
214	7	0	0	0	0	0	0	0	0	1	0	0	0	0	0	0	0	0	0	0
215	7	0	0	0	0	0	1	0	0	0	0	0	0	0	0	1	0	0	0	0
216	10	0	0	0	0	0	0	0	0	0	0	0	1	0	0	1	0	0	0	0
217	9	0	0	0	0	0	0	0	0	0	0	0	0	0	0	0	0	1	0	0
218	6	0	0	0	0	0	0	0	0	0	0	0	1	0	0	0	0	0	0	0
219	14	0	0	0	0	0	1	0	0	0	0	0	0	0	0	1	0	0	0	0
220	14	0	0	0	0	0	0	0	0	1	0	0	0	0	0	0	0	0	0	0
221	14	0	1	1	0	0	0	0	0	0	0	0	0	0	0	0	1	0	0	0
222	14	0	0	0	0	0	0	0	0	1	0	0	0	0	0	0	0	1	0	0
223	14	0	0	0	0	0	0	0	0	1	0	0	0	0	0	0	0	0	0	0
224	14	0	0	0	0	1	1	0	0	0	0	0	0	0	0	0	0	0	0	0
225	8	0	1	0	0	0	0	0	0	0	0	0	0	0	0	0	0	1	0	0
226	9	0	1	1	0	0	0	0	0	0	0	0	0	0	0	0	1	0	0	0
227	6	0	1	1	0	0	0	0	0	0	0	0	0	0	0	0	1	0	0	0
228	6	0	1	1	0	0	0	0	0	0	0	0	0	0	0	0	1	0	0	0
229	7	0	1	1	0	0	0	0	0	0	0	0	0	0	0	0	1	0	0	0
230	10	0	1	1	0	0	1	1	0	0	0	0	0	0	0	0	0	0	0	0
231	7	0	1	0	0	0	1	0	0	0	0	0	0	0	0	0	0	0	0	1
232	10	0	1	0	0	0	0	0	0	0	0	0	0	0	0	0	0	0	0	0
233	5	0	1	0	0	0	0	0	0	0	0	0	1	0	0	0	0	0	0	0
234	14	0	1	0	0	0	1	0	0	0	0	0	0	0	0	0	1	0	1	0
235	14	0	0	0	0	0	1	0	0	1	0	0	0	0	0	0	0	0	0	0
236	14	0	0	0	0	0	0	0	0	1	0	0	0	0	0	1	0	0	0	0
237	7	0	0	0	0	0	1	0	0	0	0	0	0	0	0	0	0	0	0	0
238	10	0	0	0	0	0	0	1	0	1	0	0	0	0	0	0	1	0	0	0
239	14	0	0	0	1	0	1	0	0	0	0	0	0	0	0	0	0	0	0	0
240	10	0	1	0	0	0	0	0	0	0	0	0	0	0	0	1	0	0	1	0
241	15	0	0	0	0	0	1	0	0	0	0	0	0	0	0	0	0	0	0	0
242	15	0	0	0	0	1	1	0	0	0	0	0	0	0	0	0	0	0	0	0
243	15	0	1	0	0	0	0	0	0	1	0	0	0	0	0	0	0	1	0	0
244	15	0	1	0	0	0	0	0	0	1	0	0	0	0	0	0	0	1	1	0
245	15	0	0	0	0	0	0	0	0	1	0	0	0	0	0	1	0	0	0	0
246	15	0	1	1	0	1	0	0	0	0	0	0	0	0	0	0	0	0	0	0
247	15	0	0	0	0	0	1	1	0	0	0	0	0	0	0	0	0	0	0	0
248	15	0	0	0	0	0	1	0	0	0	0	0	0	0	0	0	0	0	0	0
249	15	0	1	0	0	0	0	0	0	0	0	0	0	0	0	0	1	0	0	0
250	15	0	0	0	0	0	1	0	0	0	0	0	0	0	0	0	0	0	0	0
251	15	0	1	1	0	0	0	0	0	0	0	0	0	0	0	0	1	1	0	0
252	15	0	0	0	0	0	0	0	0	1	0	0	0	0	0	1	0	0	0	0
253	15	0	1	1	0	0	0	1	0	0	0	0	0	0	0	0	0	0	0	0
254	15	0	0	0	0	0	1	0	0	0	0	0	0	0	0	1	0	0	0	0
255	15	0	0	0	0	0	1	0	0	0	0	0	0	0	0	1	0	0	0	0
256	15	0	1	1	0	0	1	0	0	0	0	0	0	0	0	0	1	0	0	0
257	15	0	0	0	0	0	0	0	0	1	0	0	0	0	0	0	1	0	0	0
258	15	0	0	0	0	1	1	0	0	0	0	0	0	0	0	0	0	0	0	0
259	15	0	1	0	0	0	0	0	0	0	0	0	0	0	1	0	1	1	0	0
260	15	0	0	0	0	1	1	0	0	0	0	0	0	0	0	0	0	0	0	0
261	15	0	0	0	0	0	0	0	0	1	0	0	0	0	0	0	0	0	0	0
262	15	0	1	0	0	0	0	0	0	0	0	0	0	0	0	0	0	0	0	0
263	15	0	0	0	0	0	0	0	0	0	0	0	0	0	0	0	1	1	0	0
264	8	0	1	0	0	0	0	0	0	0	0	0	0	0	0	0	0	1	0	0
265	15	0	1	1	0	0	0	0	0	0	0	0	0	0	0	0	0	0	0	0
266	0	1	0	0	0	0	0	0	0	0	0	0	0	0	0	0	0	0	0	0
267	15	0	0	0	0	0	0	0	0	1	0	0	0	0	0	1	0	0	0	0
268	15	0	0	0	0	0	1	0	0	0	0	0	0	0	0	0	0	0	0	0
269	15	0	0	0	0	0	0	0	0	1	0	0	0	0	0	0	1	1	0	0
270	15	0	1	1	0	0	0	0	0	0	0	0	0	0	0	0	1	0	1	0
271	15	0	0	0	0	0	0	0	0	1	0	0	0	0	0	0	0	0	0	0
272	13	0	1	0	0	0	0	1	0	0	0	0	0	0	0	0	0	1	0	0
273	13	0	0	0	0	0	1	0	0	0	0	0	0	0	0	1	0	0	0	0
274	13	0	0	0	0	0	0	0	0	1	0	0	0	0	0	1	0	0	0	0
275	13	0	0	0	0	0	0	0	0	1	0	0	0	0	0	1	0	0	0	0
276	13	0	0	0	0	0	0	0	0	1	0	0	0	0	0	0	0	0	0	0
277	14	0	0	0	0	0	0	0	0	1	0	0	0	0	0	1	0	0	0	0
278	13	0	0	0	0	0	0	0	0	1	0	0	0	0	0	0	0	0	0	0
279	14	0	0	0	0	0	0	0	0	1	0	0	0	0	0	1	0	0	0	0
280	12	0	1	0	0	0	0	0	0	0	0	0	0	0	0	0	0	1	0	0
281	14	0	0	0	0	0	0	0	0	1	0	0	0	0	0	0	0	0	0	0
282	14	0	0	0	0	0	0	0	0	1	0	0	0	0	0	1	0	0	0	0
283	14	0	0	0	0	0	1	0	0	0	0	0	0	0	0	1	0	0	0	0
284	14	0	0	0	0	0	0	0	0	1	0	0	0	0	0	0	0	0	0	0
285	14	0	0	0	0	0	0	0	0	1	0	0	0	0	0	1	0	0	1	0
286	14	0	0	0	0	0	0	0	0	1	0	0	0	0	0	0	0	0	0	0
287	14	0	0	0	0	0	0	0	0	0	0	0	1	0	0	0	0	1	0	0
288	14	0	0	0	0	0	0	0	0	1	0	0	0	1	0	0	0	0	0	0
289	15	0	0	0	0	0	1	0	0	0	0	0	0	0	0	0	0	0	0	0
290	15	0	0	0	0	0	0	0	0	0	0	0	0	0	1	0	0	1	0	0
291	15	0	0	0	0	0	0	0	0	1	0	0	0	0	0	0	0	0	0	0
292	15	0	0	0	0	0	0	1	0	1	0	0	0	0	0	0	0	0	0	0
293	15	0	0	0	0	0	1	0	0	0	0	0	0	0	0	0	0	0	0	0
294	15	0	1	0	0	0	0	0	0	0	0	0	0	0	0	0	0	1	0	0
295	15	0	0	0	0	0	0	0	0	1	0	0	0	0	0	0	0	0	0	0
296	15	0	0	0	0	0	0	0	0	1	0	0	0	0	0	0	0	0	0	0
297	15	0	1	0	0	0	0	0	0	0	0	0	0	0	0	0	1	1	0	0
298	15	0	0	0	0	0	0	1	0	1	0	1	0	0	0	0	0	0	0	0
299	15	0	1	0	0	0	0	0	0	0	0	0	0	0	0	0	0	1	0	0
300	15	0	0	0	0	0	1	0	0	0	0	0	0	0	0	0	0	0	0	0
301	15	0	0	0	0	0	0	1	0	0	0	1	0	0	1	0	0	1	0	0
302	15	0	0	0	0	0	0	0	0	1	0	0	0	0	0	0	0	0	0	0
303	14	0	0	1	0	1	0	0	0	0	0	0	0	0	0	0	0	0	0	0
304	15	0	0	0	0	0	0	0	0	1	0	0	0	0	0	0	0	0	0	0
305	15	0	0	0	0	0	0	0	0	1	0	0	0	0	0	1	0	0	0	0
306	15	0	0	0	0	0	0	1	0	0	0	0	1	0	1	0	0	1	0	0
307	15	0	0	0	0	1	0	0	0	1	1	0	0	0	0	0	0	0	0	0
308	15	0	0	0	0	0	0	1	0	0	0	0	0	0	0	0	0	0	0	0
309	15	0	0	0	0	0	0	0	0	1	0	0	0	0	0	0	0	0	0	0
310	15	0	0	0	0	0	0	0	0	1	0	0	0	0	0	1	0	1	0	0
311	15	0	0	0	0	0	1	1	0	1	0	0	0	0	1	0	0	0	0	0
312	15	0	1	0	0	0	0	0	0	1	0	0	0	0	0	1	0	0	0	0
313	15	0	1	0	0	1	0	0	0	0	0	0	0	0	0	0	0	0	0	0
314	16	0	0	0	0	0	0	0	0	1	0	0	0	0	0	0	0	1	0	0
315	15	0	0	0	0	0	1	0	0	1	0	0	0	0	0	0	0	0	0	0
316	11	0	0	0	0	0	0	0	0	1	0	0	0	0	0	0	0	0	0	0
317	11	0	0	0	0	0	0	0	0	1	0	0	0	0	0	0	0	0	1	0
318	14	0	0	0	0	0	1	0	0	0	0	0	0	1	0	1	0	0	0	0
319	14	0	0	0	0	0	0	0	1	0	0	0	0	0	0	0	0	0	0	0
320	14	0	0	0	0	0	1	0	0	0	0	0	0	0	0	0	0	0	0	0
321	15	0	0	0	0	0	0	0	0	0	0	0	0	0	1	0	0	1	0	0
322	15	0	1	0	0	0	0	0	0	0	0	0	0	0	0	0	0	1	0	0
323	15	0	0	0	0	0	0	0	0	0	0	0	0	0	1	0	0	0	0	0
324	15	0	0	0	0	0	0	0	0	1	0	0	0	0	0	0	0	1	0	0
325	15	0	1	0	0	0	0	0	0	1	0	0	0	0	0	0	0	0	1	0
326	15	0	0	0	0	0	0	1	0	1	0	0	0	0	1	0	0	0	0	0
327	15	0	1	0	0	0	0	0	0	0	0	0	0	0	1	1	0	1	0	0
328	16	0	0	0	0	0	0	1	0	1	0	0	0	0	0	0	0	1	0	0
329	15	0	0	0	0	0	0	0	0	1	0	0	0	0	0	0	0	0	0	0
330	15	0	0	1	0	0	0	0	0	0	0	0	0	0	0	0	0	1	0	0
331	15	0	0	0	0	0	0	1	0	1	0	0	0	0	0	0	0	1	0	0
332	15	0	0	0	0	0	0	0	0	0	0	0	0	0	1	0	0	1	0	0
333	15	0	1	0	0	0	0	1	0	0	0	0	0	0	1	0	0	0	0	0
334	15	0	0	0	0	0	1	0	0	0	0	0	0	0	0	0	0	0	0	0
335	15	0	0	0	0	0	0	1	0	0	0	0	0	0	0	0	0	1	0	0
336	15	0	0	0	0	0	1	0	0	1	0	0	0	0	0	0	0	1	0	0
337	15	0	0	0	0	0	1	0	0	0	0	0	0	0	0	0	0	0	0	0
338	15	0	1	0	0	0	0	0	0	1	0	0	0	0	0	0	0	0	0	0
339	15	0	0	0	0	0	0	0	0	1	0	0	0	0	0	0	0	0	0	0
340	15	0	0	0	0	0	1	0	0	0	0	0	0	0	0	0	0	0	0	0
341	15	0	0	0	0	0	1	0	0	0	0	0	0	0	1	0	0	0	0	0
342	15	0	1	0	0	0	0	0	0	0	0	0	1	0	0	0	1	0	0	0
343	15	0	0	0	0	0	0	0	0	1	0	0	0	0	0	0	0	0	0	0
344	15	0	0	0	0	0	1	0	0	1	0	0	0	0	0	0	0	0	0	0
345	15	0	0	0	0	0	0	1	0	1	0	0	0	0	0	0	0	0	0	0
346	16	0	0	0	0	0	1	0	0	1	0	0	0	0	0	0	0	0	0	0
347	16	0	0	0	0	0	0	1	0	1	0	0	0	0	0	0	0	1	0	0
348	16	0	1	0	0	0	0	0	0	0	0	0	0	0	0	0	0	1	0	0
349	16	0	1	0	0	0	0	0	0	0	0	0	0	0	1	0	0	1	0	0
350	16	0	0	0	0	0	0	0	0	0	0	0	1	0	0	0	0	0	0	0
351	15	0	0	0	0	0	1	0	0	0	0	0	0	1	0	0	0	0	0	0
352	16	0	1	0	0	0	0	0	0	0	0	0	1	0	0	0	1	0	0	0
353	16	0	0	0	0	0	1	0	0	0	0	0	0	0	0	1	0	0	0	0
354	16	0	0	1	0	0	0	0	0	0	0	0	0	0	0	0	1	1	0	0
355	12	0	0	0	0	0	0	0	0	1	0	0	0	0	1	0	0	1	0	0
356	5	0	0	0	0	0	0	0	0	1	0	0	0	0	0	0	0	0	0	0
357	15	0	1	1	0	0	0	0	0	0	0	0	0	0	0	0	1	1	0	0
358	15	0	0	0	0	0	0	0	0	0	0	0	0	0	0	0	0	1	0	0
359	15	0	0	0	0	0	0	0	1	0	0	0	0	0	0	0	0	0	0	0
360	15	0	0	0	0	0	0	1	0	0	0	0	0	0	0	0	0	1	0	0
361	16	0	1	0	0	0	1	0	0	0	0	0	0	1	0	0	0	0	0	0
362	13	0	1	0	0	0	0	0	0	0	0	0	0	0	0	0	0	0	0	0
363	13	0	0	0	0	0	1	0	0	0	0	0	0	0	0	0	0	0	0	0
364	13	0	0	0	0	0	0	0	0	1	0	0	0	0	0	0	0	0	0	0
365	13	0	0	0	0	0	0	0	0	1	0	0	0	0	0	0	0	0	0	0
366	13	0	0	0	0	0	1	0	0	0	0	0	0	0	0	0	0	0	0	0
367	14	0	0	0	0	0	1	0	0	0	0	0	0	0	0	0	0	0	0	0
368	14	0	0	0	0	0	1	0	0	0	0	0	0	0	0	0	0	0	0	0
369	14	0	0	0	0	0	0	0	0	1	0	0	0	0	0	0	0	1	0	0
370	14	0	0	0	0	0	0	0	0	1	0	0	0	0	0	1	0	0	0	0
371	13	0	0	0	0	0	1	0	0	0	0	0	0	0	0	0	0	0	0	0
372	13	0	1	1	0	0	0	0	0	0	0	0	0	0	0	0	1	0	0	0
373	13	0	1	0	0	1	0	0	0	0	0	0	0	0	0	0	0	0	0	0
374	13	0	0	0	0	0	0	0	0	1	0	0	0	0	0	0	0	0	0	0
375	12	0	0	0	0	0	1	0	0	0	0	0	0	0	0	0	0	0	0	0
376	12	0	0	0	0	1	1	0	0	0	0	0	0	0	0	0	0	0	0	0
377	12	0	0	0	0	0	0	0	0	1	0	0	0	0	0	0	0	0	0	0
378	13	0	0	0	0	0	0	0	0	0	0	0	1	0	0	0	0	0	0	0
379	12	0	1	1	0	0	0	0	0	0	0	0	0	0	0	0	1	0	0	0
380	12	0	0	0	0	0	1	0	0	0	0	0	0	0	0	1	0	0	0	0
381	12	0	0	0	0	0	1	0	0	1	0	0	0	0	0	0	0	0	0	0
382	12	0	0	0	0	1	1	0	0	0	0	0	0	0	0	0	0	0	0	0
383	12	0	0	0	0	0	1	0	0	0	0	0	0	0	0	0	0	0	0	0
384	12	0	1	1	0	0	1	0	0	0	0	0	0	0	0	1	0	0	0	0
385	11	0	0	0	0	0	1	0	0	0	0	0	0	0	0	0	0	0	0	0
386	11	0	0	0	0	0	0	0	0	1	0	0	0	0	0	0	0	0	0	0
387	12	0	1	0	0	0	1	0	0	0	0	0	0	0	0	0	0	0	0	0
388	12	0	0	1	0	1	0	0	0	0	0	0	0	0	0	0	0	0	0	0
389	11	0	0	0	0	0	1	0	0	0	0	0	0	0	0	0	0	0	0	0
390	11	0	1	0	0	0	1	0	0	0	0	0	0	0	0	0	0	0	0	0
391	11	0	0	0	0	0	0	0	0	1	0	0	0	0	0	0	0	0	0	0
392	11	0	0	0	0	0	1	0	0	0	0	0	0	0	0	0	0	0	0	0
393	12	0	0	0	0	0	1	0	0	0	0	0	0	0	1	1	0	0	0	0
394	11	0	0	0	0	0	1	0	0	0	0	0	0	0	0	0	0	0	0	0
395	12	0	0	0	0	0	1	1	0	0	0	0	1	0	0	0	0	0	0	0
396	11	0	1	0	0	0	0	0	0	0	0	0	0	0	0	0	0	0	0	0
397	11	0	1	1	0	1	0	0	0	0	0	0	0	0	0	0	1	0	0	0
398	11	0	1	1	0	0	1	0	0	0	0	0	0	0	0	0	0	0	0	0
399	12	0	0	0	0	1	1	0	0	0	0	0	0	0	0	0	0	0	0	0
400	13	0	0	0	0	0	1	0	0	0	0	0	0	0	0	0	0	0	0	0
401	8	0	0	0	0	0	1	0	0	0	0	0	0	0	0	1	0	1	0	0
402	7	0	1	1	0	0	0	1	0	1	0	0	0	0	0	0	0	0	0	0
403	2	0	0	0	1	1	0	0	0	0	0	0	0	0	0	0	0	0	0	0
404	14	0	1	1	0	0	0	0	0	0	0	0	0	0	1	0	0	0	0	0
405	14	0	0	0	0	0	0	0	0	0	0	0	1	0	0	0	0	1	0	0
406	14	0	0	0	0	0	1	0	0	0	0	0	0	0	0	0	0	0	0	0
407	14	0	0	0	1	0	1	0	0	0	0	0	0	0	0	0	0	1	0	0
408	14	0	0	0	0	0	1	0	0	1	0	0	0	0	0	0	0	0	0	0
409	14	0	0	0	0	0	1	0	0	0	0	0	0	0	0	0	0	0	0	0
410	14	0	0	0	0	0	1	0	0	0	1	0	0	0	0	1	1	0	0	0
411	14	0	0	0	0	0	1	0	0	0	0	0	0	0	0	0	0	0	0	0
412	14	0	0	0	0	0	0	0	0	0	0	0	1	0	0	0	0	0	0	0
413	6	0	0	0	0	0	1	0	0	0	0	0	0	0	0	0	0	0	0	0
414	5	0	0	0	0	1	1	0	0	0	0	0	0	0	0	0	0	0	0	1
415	3	0	0	0	0	1	0	0	0	1	0	0	0	0	0	0	0	0	0	0
416	4	0	0	0	0	1	0	0	0	1	0	0	0	0	0	0	0	0	0	0
417	3	0	0	0	1	1	0	0	0	0	0	0	0	1	0	0	0	0	0	0
418	4	0	0	0	0	1	1	0	0	0	0	0	0	1	0	0	0	0	0	0
419	3	0	0	0	1	1	0	0	0	0	0	0	0	1	0	0	0	0	0	0
420	14	0	0	0	0	0	0	0	0	1	0	0	0	0	0	1	0	0	0	0
421	14	0	0	0	1	1	1	0	0	0	0	0	0	0	0	0	0	0	0	0
422	6	0	0	0	0	1	0	0	0	1	1	0	0	0	0	0	1	0	0	0
423	14	0	0	0	0	0	0	0	0	0	0	0	1	0	0	0	0	0	0	0
424	10	0	0	0	0	0	1	0	0	0	0	0	0	0	0	0	0	0	0	0
425	7	0	1	0	1	1	0	0	0	0	0	0	0	0	0	0	1	1	1	0
426	4	0	0	0	0	0	0	0	0	1	0	0	0	0	0	0	0	0	0	0
427	5	0	0	0	0	0	1	0	0	0	0	0	0	0	0	0	0	0	0	0
428	3	0	0	0	0	0	0	0	0	1	0	0	0	0	0	0	1	0	0	0
429	1	0	0	0	0	0	1	0	0	0	0	0	0	0	0	0	0	0	1	0
430	7	0	1	1	0	0	0	0	0	0	0	0	0	0	0	0	0	0	0	0
431	2	0	0	0	1	1	0	0	0	0	0	0	0	1	0	0	0	0	0	0
432	7	0	0	0	0	0	1	0	0	0	0	0	0	0	0	0	0	0	0	0
433	3	0	0	0	0	0	0	0	0	0	0	0	0	0	0	0	1	0	0	0
434	4	0	1	0	0	0	1	0	0	0	0	0	0	0	0	0	0	0	0	1
435	6	0	0	0	0	0	0	0	0	0	0	0	1	0	0	0	0	0	0	0
436	10	0	0	0	0	0	0	0	0	0	0	0	1	0	0	0	0	0	0	0
437	6	0	0	0	0	0	0	0	0	0	0	0	1	0	0	0	0	0	0	0
438	11	0	0	0	0	0	0	0	0	0	0	0	1	0	0	0	0	0	0	0
439	6	0	0	0	0	0	0	0	0	0	0	0	1	0	0	0	0	0	0	0
440	5	0	0	0	0	0	0	0	0	0	0	0	1	0	0	0	0	0	0	0
441	4	0	0	0	0	0	0	0	0	0	0	0	1	0	0	0	0	0	0	0
442	3	0	0	0	0	0	0	0	0	0	0	0	1	0	0	0	1	0	0	0
443	2	0	0	0	0	0	0	0	0	0	0	0	1	0	0	0	0	0	0	0
444	5	0	0	0	0	0	0	0	0	0	0	0	1	0	0	0	0	0	0	0
445	5	0	0	0	0	0	0	0	0	0	0	0	1	0	0	0	0	0	0	0
446	5	0	0	0	0	0	0	0	0	0	0	0	1	0	0	0	0	0	0	0
447	5	0	1	1	0	0	0	0	0	0	0	0	0	0	0	0	1	0	0	0
448	7	0	1	1	0	0	0	0	0	0	0	0	0	0	0	0	1	0	0	0
449	5	0	0	0	0	0	1	0	0	0	0	0	0	1	0	1	0	0	0	0
450	5	0	1	0	0	0	0	0	0	0	0	0	1	0	0	0	0	0	0	0
451	6	0	1	0	0	0	0	0	0	0	0	0	1	0	0	0	0	0	0	0
452	14	0	0	0	0	0	0	0	0	1	0	0	0	0	0	0	0	0	0	0
453	15	0	1	0	0	0	0	0	0	0	0	0	0	0	0	0	0	0	0	0
454	15	0	1	0	0	0	1	0	0	0	0	0	0	0	0	0	0	0	0	0
455	15	0	0	1	0	1	0	0	0	1	0	0	0	0	0	0	0	0	0	0
456	13	0	0	0	0	0	0	0	0	1	0	0	0	0	0	0	0	0	0	0
457	13	0	0	0	0	0	0	0	0	1	0	0	0	0	0	0	0	0	0	0
458	13	0	0	0	0	0	0	0	0	1	0	0	0	0	0	0	0	0	0	0
459	13	0	0	0	0	0	0	0	0	1	0	0	0	0	0	0	0	0	0	0
460	10	0	0	0	0	0	0	0	0	1	0	0	0	0	0	1	0	0	0	0
461	12	0	0	1	0	0	0	0	0	0	0	0	0	0	0	0	0	0	0	0
462	12	0	0	0	0	0	0	0	0	1	0	0	0	0	0	0	0	0	0	0
463	12	0	0	1	0	1	0	0	0	0	0	0	0	0	0	1	0	0	0	0
464	10	0	0	0	0	0	0	0	0	0	0	0	0	0	0	0	0	1	0	0
465	11	0	0	0	0	0	0	0	0	1	0	0	0	0	0	0	0	0	0	0
466	11	0	0	0	0	0	0	0	0	1	0	0	0	0	0	0	0	0	0	0
467	11	0	0	0	0	0	0	0	0	1	0	0	0	0	0	0	0	0	0	0
468	11	0	0	0	0	0	0	0	0	0	0	0	0	0	0	0	0	0	0	1
469	14	0	0	0	0	0	0	0	0	1	0	0	0	0	0	0	0	0	1	0
470	14	0	1	1	0	0	0	0	0	0	1	0	0	0	0	0	0	0	0	0
471	14	0	0	0	1	1	0	0	0	0	0	0	0	1	0	0	0	0	0	0
472	4	0	0	0	0	0	0	0	0	0	0	0	0	0	0	0	1	0	1	0
473	14	0	0	0	0	0	0	0	0	1	0	0	0	0	0	0	0	0	0	0
474	14	0	0	0	0	0	1	0	0	0	0	0	0	0	0	0	0	0	0	0
475	14	0	0	0	0	1	1	0	0	0	0	0	0	0	0	0	0	0	0	0
476	2	0	0	0	0	0	1	0	0	0	0	0	0	0	0	1	0	0	0	0
477	3	0	0	0	0	0	0	0	0	0	0	0	0	0	1	0	0	1	0	0
478	3	0	0	0	0	0	1	0	0	0	0	0	0	0	0	0	0	1	0	0
479	4	0	0	0	0	0	1	0	0	1	0	0	0	0	0	0	0	0	0	0
480	3	0	0	0	0	0	1	1	0	0	0	0	0	0	0	0	0	0	0	0
481	2	0	0	0	0	0	0	0	0	1	0	0	0	0	0	1	0	0	1	0
482	2	0	0	0	0	0	0	0	0	0	0	1	0	0	1	0	0	0	0	0
483	4	0	0	0	0	0	0	0	0	0	0	0	0	1	0	1	0	0	0	0
484	3	0	0	0	0	0	1	0	0	0	0	0	0	0	0	1	0	0	0	0
485	3	0	0	0	0	0	1	0	0	0	0	0	0	0	0	1	0	0	0	0
486	3	0	0	0	0	0	0	0	0	0	0	1	0	0	0	0	0	0	0	0
487	2	0	0	0	0	0	0	0	0	0	0	1	0	0	0	1	0	1	0	0
488	3	0	0	0	0	0	1	0	0	0	0	0	0	0	0	1	0	1	0	0
489	1	0	1	1	0	0	0	0	0	0	0	0	0	0	0	0	0	0	0	0
490	3	0	0	0	0	0	0	0	0	1	0	0	0	0	0	0	0	0	0	0
491	1	0	0	0	0	0	0	0	0	0	0	0	0	0	1	0	0	0	0	0
492	2	0	0	0	0	0	1	0	0	0	0	0	0	0	0	0	0	0	0	0
493	3	0	0	1	0	0	1	0	0	0	0	0	0	0	0	0	0	0	0	0
494	2	0	0	0	0	0	0	0	0	1	0	0	0	0	0	0	0	0	0	0
495	1	0	0	0	0	0	1	0	0	0	0	0	0	0	0	0	0	0	0	0
496	3	0	1	1	0	0	0	0	0	0	0	0	0	0	0	1	0	0	1	0
497	3	0	0	0	0	0	0	0	0	1	0	0	0	0	0	0	0	0	0	0
498	14	0	0	1	0	1	0	0	0	0	0	0	0	0	0	0	0	0	0	0
499	2	0	0	0	1	1	0	0	0	0	0	0	0	1	0	0	0	0	0	0
500	5	0	0	0	0	0	1	0	0	0	0	0	0	0	0	0	0	0	1	0
501	5	0	0	0	0	0	0	0	0	1	0	0	0	0	0	0	0	0	0	0
502	4	0	0	0	0	0	0	1	0	1	0	0	0	0	0	0	0	0	0	0
503	3	0	0	0	0	0	0	0	0	0	0	0	0	0	1	0	0	1	0	0
504	3	0	0	0	0	0	0	0	0	1	0	0	0	0	0	0	0	0	0	0
505	3	0	0	0	0	0	0	0	0	1	0	0	0	0	0	0	0	0	0	0
506	14	0	0	0	0	0	0	0	0	1	0	0	0	0	0	0	0	0	0	0
507	7	0	0	0	0	0	0	0	0	1	0	0	0	0	0	0	0	0	0	0
508	3	0	1	0	0	0	0	0	0	1	0	0	0	0	0	0	0	0	0	1
509	4	0	0	1	0	0	0	0	0	0	0	0	0	0	0	0	0	0	1	0
510	7	0	0	0	0	0	1	0	0	1	0	0	0	0	0	1	0	0	0	0
511	2	0	0	0	0	0	0	0	0	0	0	0	0	0	1	0	0	1	0	0
512	5	0	0	0	0	0	1	0	0	0	0	0	0	0	0	1	0	0	0	0
513	15	0	1	0	0	0	0	0	0	1	0	0	0	0	0	0	0	0	1	0
514	6	0	0	0	0	0	1	0	0	0	0	0	0	0	0	0	0	0	0	0
515	5	0	0	0	0	0	1	0	0	1	0	0	0	0	0	1	0	0	0	0
516	8	0	0	0	0	0	0	0	0	1	0	0	0	0	0	0	0	0	0	0
517	2	0	0	1	0	0	0	0	0	0	0	0	0	0	0	0	0	0	0	0
518	4	0	0	1	0	0	0	0	0	0	0	0	0	0	0	0	0	0	1	0
519	5	0	0	0	0	0	0	0	0	1	0	0	0	0	0	0	0	0	1	0
520	7	0	0	0	0	0	1	0	0	1	0	0	0	0	0	0	0	0	0	0
521	4	0	0	0	0	0	1	0	0	1	0	0	0	0	0	0	0	0	0	0
522	2	0	0	0	0	0	1	0	0	0	0	0	0	0	0	0	0	0	0	0
523	2	0	0	0	0	0	0	0	0	0	0	1	0	0	1	0	0	0	0	0
524	3	0	1	1	0	0	0	0	0	1	0	0	0	0	0	0	0	0	0	0
525	6	0	0	0	0	0	0	0	0	1	0	0	0	0	0	0	0	0	0	0
526	6	0	0	0	0	0	0	0	0	1	0	0	0	0	0	0	0	0	1	0
527	7	0	0	0	0	0	0	0	0	1	0	0	0	0	0	0	0	0	0	0
528	5	0	0	1	0	0	0	0	0	0	0	0	0	0	0	0	0	0	0	0
529	14	0	0	0	0	0	0	0	0	1	0	0	0	0	0	1	0	0	0	0
530	15	0	0	0	0	0	0	0	0	0	0	0	0	0	0	1	0	0	0	0
531	15	0	0	0	0	0	0	0	0	0	0	0	0	0	1	0	0	0	0	0
532	15	0	0	0	0	0	0	0	0	1	0	0	0	0	0	0	0	0	0	0
533	15	0	0	0	0	0	1	0	0	0	0	0	0	0	0	1	0	0	0	0
534	15	0	0	0	0	0	0	0	0	1	0	0	0	0	0	0	0	0	0	0
535	9	0	0	0	0	0	0	0	0	1	0	0	0	0	0	0	0	0	0	0
536	15	0	0	0	1	1	0	0	0	0	0	0	0	1	0	0	0	0	0	0
537	15	0	0	0	0	1	1	0	0	0	0	0	0	0	0	0	0	0	0	0
538	13	0	1	0	0	0	0	0	0	0	0	0	0	0	0	0	0	0	0	0
539	13	0	1	1	0	0	0	0	0	0	0	0	0	0	0	0	0	0	0	0
540	13	0	0	0	1	1	0	0	0	0	0	0	0	1	0	1	0	0	0	0
541	13	0	0	0	0	0	0	0	0	1	0	0	0	1	0	0	0	0	0	0
542	14	0	0	0	0	0	0	1	0	1	0	0	0	0	0	1	0	0	0	0
543	13	0	0	0	0	0	1	0	0	0	0	0	0	0	0	1	0	0	0	0
544	14	0	1	0	0	0	0	0	0	0	0	0	0	0	0	0	0	1	0	0
545	14	0	0	0	0	0	0	1	0	0	0	0	0	0	0	0	0	0	0	0
546	14	0	0	0	0	1	0	0	0	0	1	0	0	0	0	0	0	0	0	0
547	13	0	0	0	0	0	0	0	0	1	0	0	0	0	0	1	0	0	1	0
548	13	0	1	0	0	0	0	0	0	0	0	0	0	0	0	0	0	1	0	0
549	13	0	0	0	0	0	0	0	0	0	0	0	1	0	0	0	0	0	0	0
550	13	0	0	0	0	0	0	0	0	0	0	0	0	0	0	0	1	0	0	0
551	13	0	0	0	0	0	0	0	0	1	0	0	0	0	0	1	0	0	0	0
552	13	0	1	1	0	0	0	0	0	0	0	0	0	0	0	0	0	0	0	0
553	13	0	0	0	0	0	0	0	0	1	0	0	0	0	0	0	0	0	0	0
554	13	0	0	0	0	0	0	0	0	0	0	0	0	0	0	0	0	0	0	1
555	12	0	0	0	0	0	0	0	0	1	0	0	0	1	0	0	0	0	0	0
556	12	0	0	0	0	0	0	0	0	1	1	0	0	0	0	0	0	1	0	0
557	12	0	0	0	0	0	0	0	0	1	0	0	1	0	0	0	0	0	0	0
558	13	0	0	1	0	1	1	0	0	0	1	0	0	0	0	1	1	0	0	0
559	12	0	0	0	0	0	0	0	0	1	0	0	1	0	0	0	0	0	0	0
560	13	0	1	1	0	0	0	0	0	0	0	0	0	0	0	0	0	0	0	1
561	13	0	0	0	0	0	0	0	0	0	0	0	1	0	0	0	0	0	0	0
562	13	0	0	0	0	0	1	0	0	0	0	0	1	0	0	0	0	0	0	0
563	13	0	0	0	0	0	0	0	0	0	0	0	1	0	0	0	0	1	0	0
564	12	0	1	1	0	0	0	0	0	0	0	0	0	0	0	0	0	1	0	0
565	12	0	0	0	0	0	0	0	0	0	0	0	1	0	0	0	0	0	0	0
566	12	0	1	0	0	0	0	0	0	0	0	0	0	0	0	1	0	1	0	0
567	12	0	0	0	0	0	0	0	0	1	0	0	1	0	0	0	0	0	0	0
568	12	0	0	0	0	0	0	0	0	0	0	0	0	0	0	0	0	0	0	1
569	11	0	0	0	0	0	1	0	0	0	0	0	0	0	0	0	0	1	0	0
570	12	0	1	0	0	0	0	0	0	0	0	0	0	0	0	0	0	1	0	0
571	11	0	0	0	0	0	0	0	0	0	0	0	1	0	0	0	1	1	0	0
572	11	0	0	0	0	0	0	0	0	0	0	0	0	0	1	1	0	1	0	0
573	12	0	0	0	0	0	1	0	0	0	0	0	0	0	0	0	0	0	0	1
574	11	0	1	1	0	0	0	1	0	0	0	0	0	0	0	0	0	0	0	0
575	11	0	0	0	0	0	1	0	0	0	0	0	0	0	0	0	1	0	0	0
576	11	0	1	0	0	0	0	0	0	0	0	0	0	0	0	0	1	0	0	0
577	11	0	0	0	0	0	1	0	0	0	0	0	0	0	0	0	0	0	0	0
578	13	0	0	0	0	0	1	0	0	0	0	0	0	0	0	1	0	0	0	0
579	11	0	0	0	0	0	0	0	0	1	0	0	0	0	0	0	0	1	0	0
580	11	0	0	0	0	0	0	0	0	1	0	0	0	0	0	1	0	0	0	0
581	11	0	0	0	0	0	0	1	0	0	0	0	0	0	0	0	0	1	0	0
582	11	0	0	0	0	1	0	0	0	1	0	0	0	0	0	0	0	0	0	0
583	11	0	0	0	0	0	1	0	0	0	0	0	0	0	0	0	0	0	0	0
584	12	0	1	0	0	0	0	0	0	0	0	0	0	0	0	0	0	0	0	0
585	11	0	0	0	0	0	0	0	0	1	0	0	0	0	1	0	0	0	0	0
586	9	0	0	0	1	1	0	0	0	0	0	0	0	1	0	0	0	0	0	0
587	4	0	0	0	0	0	0	0	0	0	0	0	0	0	0	0	0	0	0	1
588	14	0	1	0	0	0	0	0	0	0	0	0	1	0	0	0	1	0	0	0
589	14	0	0	0	0	0	0	0	0	1	0	0	0	0	0	0	0	1	0	0
590	13	0	0	0	0	0	0	0	0	0	0	0	0	0	1	0	0	1	0	0
591	11	0	0	0	0	0	0	0	0	0	0	0	0	0	0	0	0	0	1	0
592	14	0	0	0	0	0	0	0	0	1	0	0	0	0	0	1	0	0	0	0
593	14	0	0	0	0	0	0	0	0	0	0	0	0	0	0	0	0	1	0	0
594	14	0	0	0	1	1	0	0	0	0	0	0	0	1	0	0	0	0	0	0
595	14	0	1	0	0	0	0	0	0	0	0	0	0	0	0	0	0	1	0	0
596	2	0	0	1	0	0	0	0	0	0	0	0	0	0	0	0	0	0	1	0
597	3	0	0	0	0	0	0	0	0	0	0	0	0	1	0	1	0	0	0	0
598	3	0	0	0	0	0	0	0	0	0	0	0	0	0	1	0	0	1	0	0
599	1	0	0	0	0	0	1	0	0	0	0	0	0	0	0	0	0	0	0	0
600	2	0	0	0	0	0	0	0	0	0	0	0	0	1	0	0	0	0	0	0
601	3	0	0	0	0	0	0	0	0	1	0	0	0	0	0	0	0	0	0	0
602	2	0	0	0	0	0	0	0	0	0	0	0	0	0	0	1	0	1	0	0
603	2	0	0	0	0	0	0	0	0	0	0	0	0	0	1	1	0	1	0	0
604	3	0	0	0	0	0	1	0	0	0	0	0	0	0	0	0	0	0	0	0
605	3	0	0	0	0	0	0	0	0	0	0	0	0	1	0	0	0	0	0	0
606	2	0	0	0	0	0	0	1	0	0	0	1	0	0	1	0	0	0	0	0
607	1	0	0	0	0	0	0	0	0	1	0	0	0	0	0	0	0	0	0	0
608	1	0	0	0	0	0	1	0	0	0	0	0	0	0	0	0	0	0	0	0
609	3	0	0	0	0	0	0	0	0	1	0	0	0	0	0	0	0	0	0	0
610	1	0	0	0	0	0	0	0	0	0	0	0	0	0	0	0	0	1	0	0
611	4	0	0	0	0	0	0	0	0	0	0	0	1	0	0	0	1	0	0	0
612	1	0	0	0	0	0	0	0	0	1	0	0	0	0	0	0	0	0	0	0
613	3	0	0	0	0	0	0	0	0	1	0	0	0	0	0	0	0	0	0	0
614	14	0	0	0	0	0	0	0	0	1	0	0	0	0	0	0	0	1	0	0
615	14	0	0	0	0	0	0	0	0	1	0	0	0	0	0	0	0	0	0	0
616	3	0	0	0	0	0	0	0	0	0	0	0	0	0	0	0	0	0	0	1
617	4	0	0	1	0	1	0	0	0	0	0	0	0	0	0	0	0	0	0	0
618	12	0	0	0	0	1	1	0	0	0	0	0	0	0	0	0	0	0	0	0
619	2	0	0	0	1	1	0	0	0	0	0	0	0	1	0	0	0	0	0	0
620	4	0	0	0	1	1	0	0	0	0	0	0	0	0	0	0	0	0	0	0
621	9	0	0	0	0	0	0	0	0	1	0	0	0	0	0	0	0	0	0	0
622	14	0	0	0	0	0	0	1	0	1	0	0	0	0	0	0	0	0	0	0
623	6	0	0	0	0	0	1	0	0	0	0	0	0	1	0	0	0	0	0	0
624	4	0	0	0	0	0	1	0	0	0	0	0	0	1	0	0	0	0	0	0
625	10	0	1	0	0	0	0	0	0	1	0	0	0	0	0	1	0	0	1	0
626	6	0	0	0	0	0	0	0	0	1	0	0	0	0	0	0	0	0	0	0
627	1	0	0	0	0	0	0	0	0	1	0	0	0	0	0	0	0	0	0	0
628	14	0	0	0	0	0	0	0	1	0	0	0	0	0	0	0	0	0	0	0
629	6	0	0	0	0	0	0	0	0	0	0	0	1	0	0	0	0	0	0	0
630	6	0	1	1	0	0	0	0	0	0	0	0	0	0	0	0	1	1	0	0
631	6	0	0	0	0	0	1	0	0	0	0	0	1	0	0	0	0	0	0	0
632	6	0	0	0	0	0	0	0	0	1	0	0	0	0	0	0	0	0	0	0
633	5	0	0	0	0	0	0	0	0	1	0	0	0	0	0	0	0	0	0	0
634	7	0	0	0	0	0	0	0	0	1	0	0	0	0	0	0	0	0	0	0
635	3	0	0	0	0	0	0	0	0	1	0	0	0	0	0	0	0	0	1	0
636	8	0	0	0	0	0	0	1	0	1	0	1	0	0	0	0	0	0	0	0
637	7	0	0	0	0	0	0	0	1	0	0	0	0	0	0	0	0	0	0	0
638	8	0	0	0	0	0	0	0	1	0	0	0	0	0	0	0	0	0	0	0
639	4	0	0	0	0	0	0	0	0	0	0	0	0	0	0	0	0	0	0	1
640	7	0	0	0	0	0	0	0	0	1	0	0	0	0	0	0	0	0	1	0
641	3	0	0	0	0	0	1	0	0	0	0	0	0	0	0	1	0	0	0	0
642	6	0	0	0	0	0	0	1	0	1	0	0	0	0	0	0	0	1	0	0
643	3	0	0	0	0	0	0	0	0	1	0	0	0	0	0	0	0	0	0	0
644	7	0	1	0	0	0	0	0	0	1	0	0	0	0	0	0	0	0	1	0
645	8	0	0	0	0	0	1	0	0	1	0	0	0	0	0	0	0	0	0	0
646	3	0	0	0	0	0	0	1	0	0	0	1	0	0	0	0	0	1	0	0
647	5	0	0	0	0	0	0	0	0	0	0	1	0	0	1	0	0	1	0	0
648	7	0	0	1	0	0	1	0	0	1	0	0	0	0	0	0	0	0	0	0
649	1	0	0	0	0	0	0	1	0	0	0	1	0	0	0	0	0	1	0	0
650	4	0	0	0	0	0	0	0	0	0	0	1	0	0	0	0	0	1	0	0
651	8	0	0	0	0	0	0	0	0	1	0	0	0	0	0	0	0	0	0	0
652	2	0	0	0	0	0	1	0	0	0	0	0	0	0	1	0	0	1	0	0
653	9	0	0	0	0	0	0	0	0	1	0	0	0	0	0	0	0	0	0	0
654	3	0	0	0	0	0	0	0	0	0	0	0	0	0	0	0	0	0	0	1
655	6	0	0	0	0	0	0	0	0	1	0	0	0	0	0	1	0	0	0	0
656	5	0	0	0	0	0	1	0	0	0	0	0	0	0	0	0	0	0	0	0
657	6	0	0	0	0	0	0	0	0	1	0	0	0	0	0	0	0	0	0	0
658	10	0	1	0	0	0	0	0	0	0	0	0	1	0	0	0	1	1	0	0
659	5	0	0	0	0	0	0	0	0	0	0	0	1	0	0	0	0	0	0	0
660	5	0	0	0	0	0	0	0	0	0	0	0	1	0	0	0	0	0	0	0
661	6	0	1	0	0	0	0	0	0	0	0	0	1	0	0	0	0	0	0	0
662	9	0	0	0	0	0	0	0	0	0	0	0	1	0	0	0	0	0	0	0
663	11	0	0	0	0	0	0	0	0	0	0	0	1	0	0	0	1	1	0	0
664	1	0	0	0	0	0	0	0	0	0	0	0	1	0	0	0	0	0	0	0
665	10	0	0	0	0	0	0	0	0	0	0	0	1	0	0	0	0	0	0	0
666	4	0	0	0	0	0	0	0	0	0	0	1	0	0	0	0	0	1	0	0
667	6	0	0	0	0	0	0	0	0	0	0	0	1	0	0	0	0	0	0	0
668	1	0	0	0	0	0	0	0	0	0	0	0	1	0	0	0	0	0	0	0
669	14	0	0	0	0	0	0	0	0	1	0	0	0	0	0	0	0	0	0	0
670	15	0	0	0	0	0	0	0	0	1	0	0	0	0	0	0	0	1	0	0
671	6	0	1	1	0	0	0	0	0	0	0	0	0	0	0	0	0	0	0	0
672	15	0	1	1	0	0	0	0	0	0	0	0	0	0	0	0	0	0	0	0
673	15	0	0	0	0	0	0	0	0	0	0	0	1	0	0	0	0	0	0	0
674	15	0	0	0	0	0	0	0	0	0	0	0	1	0	1	0	0	1	0	0
675	15	0	0	0	0	0	1	0	0	0	0	0	0	0	0	0	0	0	0	0
676	11	0	1	0	0	0	0	0	0	0	0	0	0	0	0	0	0	1	0	0
677	14	0	1	0	0	0	0	0	0	0	0	0	0	0	0	0	0	1	0	0
678	11	0	1	0	0	0	0	0	0	1	0	0	0	0	0	0	0	0	0	0
679	15	0	0	0	0	0	1	0	0	0	0	0	0	0	0	0	0	0	1	0
680	15	0	0	0	0	0	1	0	0	0	0	0	0	0	0	0	0	0	0	0
681	15	0	1	0	0	0	0	0	0	0	0	0	0	0	0	0	0	1	0	0
682	15	0	0	0	0	0	0	0	0	1	0	0	0	0	0	0	0	0	1	0
683	16	0	0	0	0	0	0	0	0	0	0	1	0	0	0	0	1	1	0	0
684	13	0	0	0	0	0	1	0	0	1	0	0	0	0	0	1	0	0	0	0
685	13	0	0	0	0	0	0	0	0	1	0	0	0	0	0	0	0	0	0	0
686	13	0	0	0	0	0	0	0	0	0	0	0	0	0	0	1	0	0	0	0
687	13	0	0	0	0	0	1	0	0	1	0	0	0	0	0	0	0	0	0	0
688	14	0	0	0	0	0	0	0	0	1	0	0	0	0	0	0	0	1	0	0
689	13	0	0	0	0	0	0	0	0	1	0	0	0	0	0	0	0	0	0	0
690	12	0	0	0	0	0	0	0	0	1	0	0	0	0	0	0	0	0	0	0
691	12	0	0	0	0	0	0	0	0	1	0	0	0	0	0	0	0	0	0	0
692	13	0	0	0	0	0	1	0	0	0	0	0	0	0	0	0	0	0	0	0
693	11	0	0	0	0	0	0	0	1	0	0	0	0	0	0	0	0	0	0	0
694	12	0	0	0	0	0	1	0	0	0	0	0	0	0	0	1	0	0	0	0
695	12	0	0	0	0	0	0	0	0	1	0	0	0	0	0	0	0	0	0	0
696	11	0	0	0	0	0	0	0	0	1	0	0	0	0	0	1	0	0	0	0
697	3	0	0	0	0	0	0	0	0	0	0	0	0	1	0	1	0	0	0	0
698	14	0	0	0	0	0	0	0	0	0	0	0	1	0	0	0	0	0	0	0
699	9	0	0	0	0	0	0	0	0	1	0	0	0	0	0	0	0	0	0	0
700	7	0	0	0	0	0	0	0	0	1	0	0	0	0	0	0	0	0	0	0
701	10	0	0	0	0	0	1	0	0	0	0	0	0	0	0	1	0	0	0	0
702	7	0	0	0	0	0	1	0	0	0	0	0	0	0	0	0	0	0	0	0
703	7	0	0	0	0	0	1	0	0	1	0	0	0	0	0	0	0	0	0	0
704	13	0	0	0	0	0	0	0	0	1	0	0	0	0	0	0	0	0	0	0
705	13	0	0	0	0	0	0	0	0	1	0	0	0	0	0	1	0	0	0	0
706	13	0	0	0	0	0	1	0	0	1	0	0	0	0	0	0	0	0	0	0
707	13	0	0	0	0	0	0	0	0	1	0	0	0	0	0	1	0	0	0	0
708	14	0	0	0	0	0	0	0	0	1	0	0	0	0	0	0	0	1	0	0
709	14	0	0	0	0	0	1	0	0	0	0	0	0	0	0	0	0	0	0	0
710	12	0	0	0	0	0	1	0	0	0	0	0	0	0	0	0	0	0	1	0
711	13	0	1	1	0	0	0	0	0	1	0	0	0	0	0	1	0	0	0	0
712	13	0	0	0	0	0	1	0	0	0	0	0	0	0	0	0	0	0	0	0
713	13	0	0	0	0	0	1	0	0	0	0	0	0	0	0	0	0	0	0	0
714	13	0	0	0	0	0	1	0	0	1	0	0	0	0	0	0	0	0	0	0
715	13	0	0	0	0	0	0	0	0	1	0	0	0	0	0	1	0	0	0	0
716	12	0	0	0	0	0	1	0	0	0	0	0	0	0	0	0	0	0	0	0
717	13	0	0	0	0	1	0	0	0	1	0	0	0	0	0	0	0	0	0	0
718	12	0	0	0	0	0	0	0	0	1	0	0	0	0	0	1	0	0	0	0
719	12	0	0	0	0	0	1	0	0	0	0	0	0	0	0	0	1	0	0	0
720	12	0	0	0	0	0	0	0	0	1	0	0	0	0	0	0	0	0	0	0
721	14	0	0	0	0	0	0	0	0	1	0	0	0	0	0	1	0	0	0	0
722	12	0	0	0	0	0	1	0	0	1	0	0	0	0	0	1	0	0	0	0
723	11	0	0	0	0	0	1	0	0	0	0	0	0	0	0	1	0	0	0	0
724	12	0	0	0	0	0	0	0	0	1	0	0	0	0	0	1	0	0	0	0
725	11	0	0	0	0	0	1	0	0	0	0	0	0	0	0	0	0	0	0	0
726	11	0	0	0	0	0	0	0	0	1	0	0	0	0	0	0	0	0	0	0
727	11	0	0	0	0	0	0	0	0	1	0	0	0	0	0	1	0	0	0	0
728	12	0	0	0	0	0	1	0	0	1	0	0	0	0	0	0	0	0	0	0
729	12	0	0	0	0	0	1	0	0	0	0	0	0	0	0	1	0	0	0	0
730	8	0	0	0	0	0	1	0	0	0	0	0	0	0	0	1	0	0	0	0
731	14	0	0	0	0	0	0	0	0	1	0	0	0	0	0	1	0	0	0	0
732	14	0	0	0	0	0	0	0	0	1	0	0	0	0	0	0	0	1	0	0
733	14	0	0	0	0	0	0	0	0	1	0	0	0	0	0	0	0	1	0	0
734	14	0	1	0	0	0	0	0	0	0	0	0	0	0	0	0	0	1	0	0
735	14	0	0	0	0	0	0	0	0	1	0	0	0	0	0	0	0	0	1	0
736	5	0	0	0	0	0	1	0	0	0	0	0	0	0	0	0	0	0	0	0
737	7	0	0	0	0	0	1	0	0	0	0	0	0	0	0	0	0	0	0	0
738	11	0	0	0	0	0	1	0	0	0	0	0	0	0	0	1	0	0	0	0
739	15	0	1	0	0	0	0	0	0	0	0	0	0	0	0	1	0	1	0	0
740	15	0	0	0	0	0	1	0	0	0	0	0	0	0	0	1	0	0	0	0
741	15	0	0	0	0	0	0	0	0	1	0	0	0	0	0	0	0	0	0	0
742	15	0	1	0	0	0	0	0	0	0	0	0	0	0	0	1	0	1	0	0
743	16	0	1	0	0	0	0	0	0	0	0	0	0	0	0	0	0	1	0	0
744	12	0	0	0	0	0	0	0	0	1	0	0	0	0	0	0	0	0	0	0
745	15	0	0	0	0	0	0	1	0	0	0	0	0	0	0	0	0	1	0	0
746	13	0	1	1	0	1	0	0	0	0	1	0	0	0	0	0	1	0	0	0
747	13	0	0	0	0	0	1	0	0	0	0	0	0	0	0	0	0	0	0	0
748	14	0	0	0	0	0	0	0	0	0	0	0	0	0	0	0	1	1	0	0
749	13	0	1	0	0	0	0	0	0	0	0	0	0	0	0	0	0	0	0	0
750	13	0	0	0	0	0	0	0	0	0	0	0	0	0	0	0	1	0	0	0
751	13	0	1	0	0	0	0	0	0	0	0	0	0	0	0	0	0	1	0	0
752	14	0	0	0	0	0	0	0	0	1	0	0	0	0	0	0	0	0	0	0
753	14	0	0	0	0	0	1	0	0	0	0	0	0	0	0	0	0	0	0	0
754	14	0	0	0	0	0	1	0	0	0	0	0	0	0	0	1	0	0	0	0
755	10	0	0	0	0	0	1	0	0	0	0	0	0	0	0	1	0	0	0	0
756	14	0	0	0	0	0	0	0	1	0	0	0	0	0	0	0	0	0	0	0
757	13	0	0	0	0	0	0	0	0	0	0	0	1	0	0	0	0	0	0	0
758	13	0	0	1	0	1	0	0	0	0	0	0	0	0	0	0	0	0	0	0
759	13	0	1	1	0	0	0	0	0	0	0	0	0	0	1	0	1	0	0	0
760	13	0	0	0	0	0	0	1	0	0	0	1	0	0	1	0	0	1	0	0
761	13	0	1	0	0	0	0	0	0	0	0	0	0	0	0	0	1	1	0	0
762	13	0	0	0	0	0	0	0	0	1	0	0	0	0	0	0	0	0	0	0
763	12	0	0	0	0	0	0	0	0	0	0	0	0	0	0	0	0	1	0	0
764	13	0	0	0	0	0	0	0	0	0	0	0	1	0	0	0	0	0	0	0
765	13	0	0	0	0	0	1	0	0	1	0	0	0	0	0	1	0	0	0	0
766	13	0	0	0	0	0	0	0	0	1	0	0	0	0	0	0	0	0	0	0
767	13	0	0	0	0	0	1	0	0	1	0	0	0	0	0	1	0	0	0	0
768	12	0	1	0	0	0	0	0	0	0	0	0	0	0	0	0	0	0	0	0
769	12	0	0	0	0	0	1	0	0	0	0	0	0	0	0	0	0	0	0	0
770	13	0	0	0	0	0	1	0	0	0	0	0	0	0	0	1	0	0	0	0
771	12	0	0	0	0	0	0	0	0	1	0	0	0	0	0	0	0	0	0	0
772	12	0	0	0	0	0	1	0	0	0	0	0	0	0	0	1	0	0	0	0
773	12	0	0	0	0	0	1	0	0	0	0	0	0	0	0	1	0	0	0	0
774	13	0	0	0	0	0	1	0	0	0	0	0	0	0	0	1	0	0	0	0
775	13	0	0	0	0	0	1	0	0	1	0	0	0	0	0	0	0	0	0	0
776	13	0	0	0	0	0	1	0	0	1	0	0	0	0	0	0	0	0	0	0
777	13	0	0	0	0	0	1	0	0	0	0	0	0	0	0	0	0	0	0	0
778	13	0	0	0	0	1	0	0	0	0	0	0	0	0	0	0	0	0	0	0
779	12	0	0	0	0	0	1	0	0	0	0	0	0	0	0	0	0	0	0	0
780	12	0	0	0	0	0	1	0	0	0	0	0	0	0	0	0	0	0	0	0
781	12	0	0	0	0	0	0	0	0	1	0	0	0	0	0	1	0	0	0	0
782	12	0	0	0	0	1	1	0	0	0	0	0	0	0	0	0	0	0	0	0
783	12	0	0	0	0	0	1	0	0	0	0	0	0	0	0	1	0	0	0	0
784	12	0	1	0	0	0	0	0	0	0	0	0	0	0	0	0	1	0	0	0
785	13	0	1	0	0	0	0	0	0	0	0	0	0	0	0	0	0	0	0	0
786	13	0	0	0	0	0	0	0	0	1	0	0	0	0	0	0	0	0	0	0
787	13	0	0	0	0	0	0	0	0	0	0	0	1	0	0	0	0	1	0	0
788	12	0	0	0	0	0	1	0	0	0	0	0	0	0	0	0	0	0	0	0
789	11	0	1	1	0	0	0	1	0	0	0	0	0	0	0	0	0	1	0	0
790	11	0	1	0	0	0	0	0	0	1	0	0	0	0	0	0	0	0	1	0
791	12	0	0	0	0	0	1	0	0	0	0	0	0	0	0	0	0	0	0	0
792	11	0	0	0	0	0	1	0	0	0	0	0	0	0	1	0	0	0	0	0
793	11	0	1	0	0	0	0	1	0	1	0	0	0	0	0	0	0	0	0	0
794	11	0	0	0	0	0	0	0	0	1	0	0	0	0	0	0	0	0	0	0
795	11	0	1	0	0	0	0	0	0	1	0	0	0	0	0	0	0	0	0	0
796	11	0	1	0	0	0	0	0	0	1	0	0	0	0	1	0	0	0	0	0
797	12	0	1	0	0	0	0	0	0	0	0	0	0	0	0	0	0	0	0	0
798	11	0	0	0	0	0	0	0	1	0	0	0	0	0	0	0	0	0	0	0
799	12	0	0	1	0	1	0	0	0	0	0	0	0	0	0	0	0	0	0	0
800	14	0	0	0	0	0	0	0	1	0	0	0	0	0	0	0	0	0	0	0
801	14	0	0	0	0	0	0	0	0	1	0	0	0	0	0	1	0	0	0	0
802	13	0	0	0	0	0	0	0	0	0	0	0	1	0	0	0	0	0	0	0
803	14	0	0	0	0	0	1	0	0	0	0	0	0	0	0	0	0	0	0	0
804	14	0	0	0	0	0	1	0	0	0	0	0	0	0	0	0	0	0	0	0
805	14	0	0	1	1	1	1	0	0	0	1	0	0	0	0	0	0	0	0	0
806	14	0	0	0	0	0	1	0	0	0	0	0	0	0	0	1	0	0	0	0
807	14	0	0	0	0	0	0	1	0	0	0	1	0	0	0	0	0	1	0	0
808	14	0	0	0	0	0	1	0	0	0	0	0	0	0	0	0	0	0	0	0
809	14	0	1	0	0	0	0	0	0	0	0	0	0	0	0	0	1	1	0	0
810	14	0	0	1	0	0	0	0	0	0	0	0	0	0	0	0	0	0	0	0
811	14	0	1	1	0	0	0	0	0	0	0	0	0	0	0	0	0	1	0	0
812	14	0	0	1	0	1	0	0	0	0	0	0	0	0	0	0	0	0	0	0
813	14	0	1	1	0	0	0	0	0	0	0	0	0	0	0	0	0	0	0	0
814	14	0	1	1	0	0	0	0	0	0	0	0	0	0	0	0	1	1	0	0
815	14	0	0	0	0	1	0	0	0	1	1	0	0	0	0	0	0	0	0	0
816	14	0	1	0	0	0	0	0	0	0	0	0	0	0	0	0	0	0	0	0
817	13	0	0	0	0	0	0	0	0	0	0	0	1	0	0	0	0	1	0	0
818	1	0	0	0	0	0	1	0	0	0	0	0	0	1	0	1	0	0	0	0
819	1	0	0	0	0	0	1	0	0	0	0	0	0	0	0	1	0	0	0	0
820	2	0	0	0	0	0	0	0	0	1	0	0	0	0	0	0	0	0	0	0
821	14	0	1	0	0	0	0	0	0	1	0	0	0	0	0	0	0	0	0	1
822	14	0	1	0	0	0	0	0	0	0	0	0	0	0	0	0	0	1	0	0
823	4	0	0	0	0	1	1	0	0	1	0	0	0	0	0	0	0	0	0	0
824	3	0	0	0	0	1	1	0	0	0	0	0	0	0	0	0	0	0	0	0
825	14	0	0	0	0	0	0	1	0	0	0	0	0	0	0	0	0	0	0	0
826	14	0	0	0	0	0	1	0	0	0	0	0	0	0	0	0	0	0	0	0
827	14	0	0	0	0	0	0	0	0	1	0	0	0	0	0	1	0	0	0	0
828	14	0	0	0	0	0	0	0	1	1	0	0	0	0	0	0	0	0	0	0
829	2	0	0	0	0	0	0	0	0	0	0	1	0	0	0	0	0	1	0	0
830	8	0	1	0	0	0	0	0	0	0	0	0	0	0	0	1	0	0	0	0
831	10	0	0	0	0	0	1	0	0	0	0	0	1	0	0	0	0	0	0	0
832	7	0	0	0	0	0	1	0	0	0	0	0	1	0	0	0	0	0	0	0
833	6	0	1	0	0	0	0	0	0	1	0	0	0	0	1	1	0	1	0	0
834	9	0	0	0	0	0	1	0	0	1	0	0	0	0	0	0	0	0	0	0
835	7	0	0	0	0	0	1	0	0	0	0	0	1	0	0	0	0	0	0	0
836	7	0	0	0	0	0	0	0	0	0	0	0	1	0	0	0	0	1	0	0
837	14	0	0	1	0	1	1	0	0	0	0	0	0	0	0	0	0	0	0	0
838	14	0	0	0	0	0	0	0	0	1	0	0	0	0	0	0	0	0	0	0
839	14	0	0	0	0	0	1	0	0	0	0	0	0	0	0	0	0	0	0	0
840	15	0	0	0	0	0	0	0	0	1	0	0	0	0	0	0	0	0	0	0
841	14	0	0	0	0	0	1	0	0	0	0	0	0	0	0	1	0	0	0	0
842	14	0	0	0	0	0	0	0	0	1	0	0	0	0	0	0	0	0	0	0
843	15	0	0	0	0	0	0	0	0	1	0	0	0	0	0	0	0	0	0	0
844	15	0	0	0	0	0	1	0	0	0	0	0	0	0	0	1	0	0	0	0
845	15	0	0	0	0	0	0	0	0	0	0	0	0	0	0	1	0	0	0	0
846	15	0	0	0	0	0	1	0	0	0	0	0	0	0	0	0	0	0	0	0
847	15	0	0	0	0	0	0	0	0	0	0	0	0	0	0	1	0	0	0	0
848	15	0	0	0	0	0	1	0	0	0	0	0	0	0	0	1	0	0	0	0
849	15	0	0	0	0	0	0	0	0	1	0	0	0	0	0	0	0	0	0	0
850	15	0	0	0	0	0	0	0	0	1	0	0	0	0	0	1	0	0	0	0
851	15	0	1	0	0	0	1	0	0	0	0	0	0	0	0	0	0	0	0	0
852	15	0	0	1	0	0	0	0	0	0	0	0	0	0	0	1	0	0	0	0
853	15	0	0	0	0	1	1	0	0	0	0	0	0	0	1	0	0	0	0	0
854	15	0	1	0	0	0	0	0	0	0	0	0	0	0	0	0	0	1	1	0
855	15	0	0	0	0	0	0	0	0	1	0	0	0	0	0	0	0	0	0	0
856	15	0	1	0	0	0	1	0	0	0	0	0	0	0	0	0	0	0	0	0
857	15	0	0	0	0	0	0	0	0	1	0	0	0	0	0	0	0	0	0	0
858	15	0	0	0	0	0	0	0	0	1	0	0	0	0	0	0	0	0	0	0
859	15	0	0	0	0	0	0	0	1	0	0	0	0	0	0	0	0	0	0	0
860	16	0	0	0	0	0	0	0	0	0	0	0	1	0	0	0	0	0	0	0
861	15	0	0	0	0	0	0	0	0	0	0	0	0	0	0	1	0	1	0	0
862	15	0	0	0	0	0	0	0	0	1	0	0	0	0	0	0	0	0	0	0
863	15	0	0	0	0	0	0	0	0	1	0	0	0	0	0	0	0	0	0	0
864	15	0	0	0	0	0	0	0	0	0	0	0	0	0	0	1	0	0	0	0
865	15	0	1	1	0	0	0	0	0	0	0	0	0	0	0	0	0	0	0	0
866	15	0	0	0	0	0	0	0	0	1	0	0	0	0	0	0	0	0	1	0
867	15	0	0	0	0	1	1	0	0	0	1	0	0	0	0	0	0	0	0	0
868	15	0	0	0	0	0	1	0	0	0	0	0	0	0	0	0	0	0	0	0
869	15	0	0	0	0	1	1	0	0	0	0	0	0	0	0	0	0	0	0	0
870	15	0	0	0	0	0	0	0	0	0	0	0	1	0	0	0	0	1	0	0
871	15	0	0	0	0	0	0	0	0	1	0	0	0	0	0	0	0	0	0	0
872	15	0	0	0	0	0	0	0	0	1	0	0	0	0	0	0	0	0	0	0
873	15	0	0	0	0	0	0	0	0	1	0	0	0	0	0	0	0	0	0	0
874	15	0	0	0	0	0	0	0	0	1	0	0	0	0	0	0	0	0	0	0
875	15	0	0	0	0	0	1	0	0	0	0	0	0	0	0	0	0	0	0	0
876	15	0	0	0	0	0	1	1	0	0	0	0	0	0	1	0	0	1	0	0
877	15	0	0	0	0	0	0	0	0	1	0	0	0	0	0	1	0	0	0	0
878	15	0	0	0	0	0	1	0	0	1	0	0	0	0	0	0	0	0	0	0
879	16	0	0	0	0	0	0	0	0	1	0	0	0	0	0	1	0	0	0	0
880	15	0	0	0	0	0	0	0	0	1	0	0	0	0	0	1	0	0	0	0
881	16	0	0	0	0	0	1	0	0	0	0	0	0	0	0	0	0	0	0	0
882	16	0	0	0	0	0	0	0	0	1	0	0	0	0	0	0	0	0	0	0
883	16	0	1	0	0	0	0	0	0	0	0	0	0	0	0	0	0	1	0	0
884	16	0	0	0	0	0	0	1	0	1	0	0	0	0	1	0	0	1	0	0
885	16	0	0	0	0	0	0	0	0	1	0	0	0	0	0	0	0	0	0	0
886	16	0	1	0	0	0	0	0	0	0	0	0	0	0	0	0	1	1	0	0
887	16	0	1	0	0	0	0	0	0	1	0	0	0	0	0	0	0	1	0	0
888	16	0	0	0	0	0	0	0	0	0	0	0	0	0	0	1	0	0	0	0
889	13	0	0	1	0	0	0	0	0	0	0	0	0	0	0	0	1	0	0	0
890	13	0	0	0	0	0	0	0	0	1	0	0	0	0	0	0	0	0	0	0
891	11	0	0	0	0	0	0	0	0	1	0	0	0	0	0	1	0	0	0	0
892	14	0	0	0	0	0	0	0	0	0	0	0	0	0	0	0	0	0	0	1
893	9	0	0	0	0	0	0	0	0	1	0	0	0	0	0	0	0	0	0	0
894	14	0	0	1	0	0	0	0	0	1	0	0	0	0	0	0	0	0	0	0
895	14	0	0	0	0	0	0	0	0	0	0	0	0	0	0	0	1	1	0	0
896	14	0	0	0	0	0	1	0	0	0	0	0	0	0	0	0	0	0	0	0
897	14	0	0	0	0	0	0	0	0	1	0	0	0	0	0	0	0	0	0	0
898	14	0	0	0	0	0	0	0	0	1	0	0	1	0	0	0	0	0	0	0
899	14	0	0	0	0	1	1	0	0	0	0	0	0	0	0	0	0	0	0	0
900	14	0	1	1	0	0	0	0	0	0	0	0	0	0	0	0	0	1	0	0
901	14	0	0	0	0	0	0	0	0	0	0	0	0	0	0	0	1	1	0	0
902	14	0	0	0	0	1	1	0	0	0	0	0	0	0	0	0	0	0	0	0
903	14	0	0	0	0	0	0	0	0	1	0	0	0	0	0	0	0	0	0	0
904	14	0	0	0	0	0	0	0	0	1	0	0	0	0	0	0	0	0	0	0
905	15	0	0	0	0	0	0	0	0	1	0	0	0	0	0	0	0	0	1	0
906	15	0	0	0	0	0	1	0	0	1	0	0	0	0	0	1	0	0	0	0
907	15	0	0	0	0	0	0	0	0	1	0	0	0	0	0	0	0	0	0	0
908	15	0	0	0	0	0	1	0	0	0	0	0	0	0	0	1	0	0	0	0
909	13	0	0	0	0	0	0	0	0	1	0	0	0	0	0	0	0	1	0	0
910	12	0	0	0	0	0	1	0	0	0	0	0	0	0	0	0	0	0	0	0
911	12	0	0	0	0	0	1	0	0	1	0	0	0	0	0	0	0	0	0	0
912	11	0	0	0	0	0	0	0	0	1	0	0	0	0	0	0	0	0	0	0
913	12	0	0	0	0	0	0	0	0	0	0	0	0	0	0	0	0	1	0	0
914	12	0	0	0	0	0	1	0	0	1	0	0	0	0	0	0	0	0	1	0
915	4	0	0	0	0	0	1	0	0	0	0	0	0	0	1	1	0	1	0	0
916	6	0	0	0	1	1	0	0	0	0	0	0	0	0	0	0	0	0	0	0
917	7	0	0	1	0	0	0	0	0	0	0	0	0	0	0	1	0	0	0	0
918	15	0	0	0	0	0	1	0	0	0	0	0	0	0	0	1	0	0	0	0
919	13	0	0	0	0	0	0	0	0	1	0	0	0	0	0	1	0	0	0	0
920	13	0	0	0	0	0	0	0	0	1	0	0	0	0	0	0	0	0	0	0
921	13	0	0	1	0	1	0	0	0	0	1	0	0	0	0	0	0	0	0	0
922	13	0	0	0	0	0	1	0	0	0	0	0	0	0	0	0	0	0	0	0
923	13	0	0	0	0	0	1	0	0	1	0	0	0	0	0	0	0	0	0	0
924	13	0	0	0	0	0	0	0	1	0	0	0	0	0	0	0	0	0	0	0
925	13	0	0	0	0	0	0	0	0	1	0	0	0	0	0	1	0	0	0	0
926	12	0	0	0	0	0	0	0	0	1	0	0	0	0	0	0	0	0	0	0
927	12	0	0	0	0	0	0	0	0	1	0	0	0	0	0	0	0	0	0	0
928	11	0	0	0	0	0	1	0	0	0	0	0	0	0	0	0	0	0	0	0
929	11	0	0	0	0	0	0	0	0	1	0	0	0	0	0	0	0	0	0	0
930	11	0	0	0	0	0	0	0	0	1	0	0	0	0	0	0	0	0	0	0
931	11	0	0	0	0	0	0	0	0	1	0	0	0	0	0	0	0	0	0	0
932	11	0	0	0	0	0	0	0	0	1	0	0	0	0	0	0	0	1	0	0
933	13	0	0	0	0	0	1	0	0	1	0	0	0	0	0	0	0	0	0	0
934	3	0	0	0	0	0	1	0	0	0	0	0	0	1	0	0	0	0	0	0
935	3	0	0	0	0	0	0	0	0	0	0	0	0	0	0	1	0	0	0	0
936	1	0	0	0	0	0	0	0	0	1	0	0	0	0	0	0	0	0	0	0
937	2	0	0	0	0	0	0	0	0	0	0	0	0	1	0	0	0	0	0	0
938	4	0	0	0	1	1	0	0	0	0	0	0	0	0	0	0	0	0	0	0
939	9	0	0	0	0	0	1	0	0	0	0	0	0	0	0	0	0	0	0	0
940	9	0	0	0	0	0	1	0	0	0	0	0	0	0	0	0	0	0	1	0
941	10	0	0	0	0	0	0	0	0	1	0	0	0	0	0	0	0	0	0	0
942	14	0	0	0	0	0	0	0	0	1	0	0	0	0	0	0	0	1	0	0
943	14	0	0	0	0	0	0	0	0	0	0	0	0	0	0	0	0	1	0	0
944	14	0	1	0	0	0	0	0	0	0	0	0	0	0	0	0	1	1	0	0
945	14	0	1	0	0	0	0	0	0	0	0	0	0	0	0	0	0	0	0	0
946	14	0	0	0	0	0	0	0	0	0	0	0	0	0	1	0	0	1	0	0
947	14	0	0	0	0	0	0	0	0	1	0	0	0	0	0	0	0	1	0	0
948	14	0	0	0	0	0	0	0	0	1	0	0	0	0	0	0	0	0	0	0
949	14	0	0	0	0	0	0	0	0	1	0	0	0	0	0	0	0	0	0	0
950	14	0	1	1	0	0	0	0	0	0	0	0	0	0	0	0	0	1	0	0
951	14	0	0	0	0	0	0	0	0	0	0	0	0	0	0	0	0	1	0	0
952	15	0	0	0	0	0	0	0	0	0	0	0	0	0	0	0	0	1	0	0
953	14	0	0	0	0	0	0	0	0	1	0	0	0	0	0	0	0	0	0	0
954	15	0	0	0	0	0	0	0	0	0	0	0	0	0	0	0	0	1	0	0
955	15	0	0	0	0	0	1	0	0	0	0	0	0	0	0	1	0	0	0	0
956	15	0	0	0	1	1	0	0	0	0	0	0	0	1	0	0	0	0	0	0
957	15	0	0	0	0	0	0	0	0	1	0	0	0	0	0	1	0	0	0	0
958	15	0	0	0	0	0	0	1	0	0	0	0	0	0	0	0	0	0	0	0
959	15	0	0	1	1	1	1	0	0	0	0	0	0	1	0	0	0	0	0	0
960	15	0	0	0	0	0	0	0	0	1	0	0	0	0	0	0	0	0	0	0
961	15	0	0	0	0	0	1	0	0	0	0	0	0	0	0	0	0	0	0	0
962	13	0	0	0	0	1	1	0	0	0	0	0	0	0	0	0	0	0	0	0
963	13	0	0	0	0	0	1	0	0	0	0	0	0	0	0	0	0	0	0	0
964	12	0	0	0	0	0	1	0	0	0	0	0	0	0	0	0	0	0	0	0
965	12	0	0	0	0	0	1	0	0	0	0	0	0	0	0	0	0	0	0	0
966	12	0	0	0	0	0	1	0	0	0	0	0	0	0	0	0	0	0	0	1
967	14	0	0	0	0	0	1	0	0	0	0	0	0	0	0	0	0	0	0	0
968	15	0	0	0	0	0	1	0	0	0	0	0	0	0	0	0	0	0	0	0
969	15	0	0	0	0	1	1	0	0	0	0	0	0	0	1	0	0	0	0	0
970	11	0	0	0	0	0	0	0	0	1	0	0	0	0	0	0	0	0	0	1
971	9	0	0	0	0	0	0	0	0	1	0	0	0	0	0	0	0	0	0	0
972	9	0	0	0	0	0	0	0	0	1	0	0	0	0	0	0	1	0	0	0
973	15	0	0	0	0	0	1	0	0	0	0	0	0	0	0	0	0	0	0	0
974	14	0	0	0	0	0	0	0	0	1	0	0	0	0	0	0	0	0	0	0
975	14	0	0	0	0	0	0	0	0	1	0	0	0	0	0	0	0	0	0	0
976	14	0	0	0	0	0	0	0	0	1	0	0	0	0	0	0	0	0	0	0
977	14	0	0	0	0	0	0	1	0	0	0	0	0	0	0	0	0	0	0	0
978	15	0	0	0	0	0	1	0	0	1	0	0	0	0	0	0	0	0	0	0
979	15	0	1	1	0	0	0	0	0	0	0	0	0	0	0	0	0	1	0	0
980	15	0	0	0	0	0	1	0	0	0	0	0	0	0	0	0	0	0	0	0
981	15	0	0	0	0	1	0	0	0	1	0	0	0	0	0	0	0	0	0	0
982	15	0	1	1	0	0	0	0	0	0	0	0	0	0	0	0	0	1	0	0
983	14	0	0	0	0	0	0	0	0	1	0	0	0	0	0	0	0	0	0	0
984	8	0	0	0	0	0	0	0	0	1	0	0	0	0	0	0	0	0	0	0
985	7	0	1	0	0	0	0	0	0	0	0	0	0	0	0	0	0	1	0	0
986	2	0	0	0	0	0	0	0	0	0	0	0	0	0	1	0	0	1	0	0
987	4	0	0	0	0	0	0	0	0	1	0	0	0	0	0	0	0	0	0	0
988	15	0	0	0	0	0	0	0	1	0	0	0	0	0	0	0	0	0	0	0
989	15	0	0	0	0	0	1	0	0	0	0	0	0	0	0	0	0	0	0	0
990	15	0	0	0	0	0	0	0	0	0	0	0	0	0	0	1	0	0	0	0
991	15	0	1	0	0	0	0	0	0	1	0	0	0	0	0	0	0	1	0	0
992	13	0	0	0	0	0	1	0	0	0	0	0	0	0	0	1	0	0	0	0
993	13	0	0	0	0	0	1	0	0	0	0	0	0	0	0	0	0	0	0	0
994	11	0	0	0	0	0	1	0	0	0	0	0	0	0	0	0	0	0	0	0
995	12	0	0	1	0	1	0	0	0	0	0	0	0	0	0	0	0	0	0	0
996	12	0	0	0	0	1	1	0	0	0	0	0	0	0	0	0	0	0	0	0
997	14	0	0	1	0	1	0	0	0	0	0	0	0	0	0	0	0	0	0	0
998	14	0	1	1	0	0	0	0	0	0	0	0	0	0	0	0	0	0	0	0
999	11	0	0	0	0	0	1	0	0	0	0	0	0	0	0	0	0	0	0	0
1000	9	0	0	0	0	0	1	0	0	0	1	0	0	0	0	0	0	0	0	0
1001	6	0	0	0	0	0	1	0	0	0	0	0	0	1	0	1	0	0	0	0
1002	15	0	0	0	0	0	0	0	0	0	0	0	0	0	0	0	0	1	0	0
1003	15	0	0	0	0	0	0	0	0	1	0	0	0	0	0	0	0	0	0	0
1004	14	0	0	0	0	0	1	0	0	0	0	0	0	0	0	1	0	0	0	0
1005	13	0	0	0	0	0	1	0	0	0	0	0	0	0	0	1	0	0	0	0
1006	13	0	0	0	0	0	0	0	0	0	0	0	0	0	1	0	0	1	0	0
1007	13	0	0	0	0	0	1	0	0	0	0	0	0	0	0	0	0	0	0	0
1008	12	0	0	0	0	0	1	0	0	1	0	0	0	0	0	0	0	0	0	0
1009	11	0	0	0	0	0	0	0	0	1	0	0	0	0	0	0	0	0	0	0
1010	11	0	0	0	0	0	0	0	0	0	0	0	0	0	0	0	0	1	0	0
1011	14	0	0	0	0	0	1	0	0	0	0	0	0	0	0	0	0	0	0	0
1012	14	0	0	0	0	0	1	0	0	0	0	0	0	0	0	1	0	0	0	0
1013	14	0	0	0	0	0	1	0	0	0	0	0	0	0	0	0	0	0	0	0
1014	2	0	0	0	0	0	0	0	0	1	0	0	0	0	0	1	0	0	0	0
1015	14	0	0	0	0	0	1	0	0	0	0	0	0	0	0	0	0	0	0	0
1016	13	0	0	0	0	0	1	0	0	0	0	0	1	0	0	0	0	0	0	0
1017	13	0	0	0	0	0	0	0	0	1	0	0	0	0	0	0	0	0	0	0
1018	14	0	0	0	0	0	1	0	0	0	0	0	0	0	0	0	0	0	0	0
1019	12	0	0	0	0	0	0	0	0	1	0	0	0	0	0	0	0	0	0	0
1020	10	0	0	0	0	0	0	0	0	0	0	0	1	0	0	0	0	0	0	0
1021	14	0	0	0	0	0	1	0	0	0	0	0	0	0	0	0	0	0	0	0
1022	12	0	0	1	0	0	0	0	0	1	0	0	0	0	0	0	0	0	0	0
1023	14	0	0	0	0	0	1	0	0	0	0	0	0	0	0	0	0	0	0	0
1024	14	0	0	1	0	1	0	0	0	0	0	0	0	0	0	0	0	0	0	0
1025	14	0	0	0	0	0	1	0	0	1	0	0	0	0	0	0	0	0	0	0
1026	16	0	0	0	0	0	0	0	0	1	0	0	0	0	0	0	0	0	0	0
1027	13	0	0	0	0	1	0	0	0	1	0	0	0	0	0	0	0	0	0	0
1028	6	0	0	0	0	0	0	0	1	0	0	0	0	0	0	0	0	0	1	0
1029	13	0	0	0	1	1	0	0	0	0	0	0	0	0	0	0	0	0	0	0
1030	14	0	0	0	0	0	1	0	0	0	0	0	0	0	0	0	0	0	0	0
1031	14	0	0	0	0	0	0	0	0	1	0	0	0	0	0	0	0	0	0	0
1032	12	0	0	0	0	0	0	1	0	1	0	0	0	0	0	0	0	1	0	0
1033	13	0	0	0	0	0	1	0	0	0	0	0	0	0	0	0	0	0	0	0
1034	13	0	0	0	0	0	1	0	0	0	0	0	0	0	0	0	0	0	0	0
1035	13	0	0	0	0	0	1	0	0	0	0	0	0	0	0	1	0	0	0	0
1036	12	0	0	0	0	0	0	0	0	0	0	0	0	0	0	0	0	1	0	0
1037	12	0	0	0	0	0	1	0	0	1	0	0	0	0	0	0	0	0	0	0
1038	12	0	0	0	0	0	0	0	0	1	0	0	0	0	0	0	0	0	0	0
1039	12	0	1	1	1	1	0	0	0	0	1	0	0	0	0	0	0	0	0	0
1040	12	0	0	0	0	0	0	0	0	0	0	0	0	0	0	0	0	1	0	0
1041	7	0	0	0	1	1	0	0	0	0	0	0	0	0	0	0	0	0	0	0
1042	14	0	0	0	0	0	1	0	0	0	0	0	0	1	0	0	0	0	0	0
1043	14	0	0	0	0	0	0	1	0	0	0	0	0	0	0	0	0	0	0	0
1044	15	0	0	0	0	0	0	0	0	1	0	0	0	0	0	0	0	0	0	0
1045	15	0	0	0	0	0	0	1	0	0	0	0	0	0	0	0	0	1	0	0
1046	14	0	0	0	0	0	0	0	1	0	0	0	0	0	0	0	0	0	0	0
1047	14	0	0	0	0	0	0	0	0	1	0	0	0	0	0	1	0	0	0	0
1048	14	0	0	0	0	0	0	0	0	1	0	0	0	0	0	0	0	0	0	0
1049	14	0	1	0	0	0	0	0	0	0	0	0	0	0	0	0	0	0	0	0
1050	15	0	1	0	0	0	0	0	0	0	0	0	0	0	0	0	0	0	0	0
1051	15	0	1	0	0	0	0	0	0	0	0	0	0	0	0	1	0	1	0	0
1052	11	0	0	0	0	0	0	0	0	0	0	0	0	0	0	0	0	1	0	0
1053	5	0	0	1	1	1	0	0	0	0	0	0	0	1	0	0	0	0	0	0
1054	14	0	0	0	0	0	1	0	0	0	0	0	0	0	0	0	0	0	0	0
1055	14	0	0	0	0	0	1	0	0	0	0	0	0	0	0	0	0	0	0	0
1056	14	0	0	0	0	0	1	0	0	0	0	0	0	0	0	0	0	0	0	0
1057	14	0	0	0	0	0	1	0	0	0	0	0	0	0	0	0	0	0	0	0
1058	14	0	0	0	0	0	0	0	0	1	0	0	0	0	0	0	0	0	0	0
1059	14	0	0	0	0	0	1	0	0	0	0	0	0	0	0	0	0	0	0	0
1060	12	0	0	0	0	0	0	0	0	1	0	0	0	0	0	0	0	0	0	0
1061	12	0	0	0	0	0	1	0	0	1	0	0	0	0	0	1	0	0	0	0
1062	11	0	0	0	0	0	0	0	0	1	0	0	0	0	1	0	0	0	0	0
1063	14	0	0	0	0	0	1	0	0	0	0	0	0	0	0	1	0	0	0	0
1064	8	0	0	0	0	0	1	0	0	1	0	0	0	0	0	0	0	0	0	0
1065	16	0	1	1	0	0	0	0	0	0	0	0	0	0	0	0	0	1	0	0
1066	13	0	0	0	0	0	0	0	0	1	0	0	0	0	0	0	0	0	0	0
1067	13	0	0	0	0	0	0	0	0	1	0	0	0	0	0	0	0	0	0	0
1068	12	0	0	0	0	0	0	0	0	1	0	0	0	0	0	0	0	1	0	0
1069	13	0	1	0	0	0	1	0	0	0	0	0	0	1	0	0	1	0	0	0
1070	14	0	0	0	0	0	0	0	0	1	0	0	0	0	0	0	0	0	0	0
1071	12	0	0	0	0	0	0	0	0	1	0	0	0	0	0	0	0	0	0	0
1072	12	0	0	0	0	0	0	0	0	1	0	0	0	0	0	0	0	0	0	0
1073	14	0	0	0	0	0	1	0	0	0	0	0	0	0	0	0	0	0	0	0
1074	14	0	0	0	0	0	1	0	0	1	0	0	0	0	0	1	0	0	0	0
1075	2	0	0	1	0	0	0	0	0	0	0	0	0	0	0	0	0	0	0	0
1076	14	0	0	0	0	0	0	0	0	1	0	0	0	0	0	0	0	0	0	0
1077	5	0	0	0	0	0	1	0	0	0	0	0	0	0	0	0	0	0	0	0
1078	7	0	0	0	0	0	0	0	0	1	0	0	0	0	0	1	0	0	0	0
1079	14	0	0	0	0	0	1	0	0	0	0	0	0	0	0	0	0	0	0	0
1080	14	0	0	0	0	0	0	0	0	1	0	0	0	1	0	0	0	0	0	0
1081	1	0	0	0	0	0	0	0	0	0	0	0	0	0	0	1	0	0	1	0
1082	3	0	0	1	0	0	0	0	0	1	0	0	0	0	0	0	0	0	0	0
1083	16	0	0	0	0	0	0	0	0	1	0	0	0	0	0	0	0	0	0	0
1084	14	0	0	0	0	0	0	0	1	0	0	0	0	0	0	0	0	0	0	0
1085	14	0	0	0	0	0	0	0	0	1	0	0	0	0	1	1	0	0	0	0
1086	13	0	0	0	0	0	0	0	0	0	0	0	0	0	0	0	0	1	0	0
1087	14	0	0	0	0	0	0	0	0	1	0	0	0	0	0	1	0	0	0	0
1088	5	0	0	1	0	1	0	0	0	0	1	0	0	0	0	0	0	0	0	0
1089	14	0	0	0	0	0	0	0	0	1	0	0	0	0	0	0	0	0	0	0
1090	9	0	0	0	0	0	0	0	0	1	0	0	0	1	0	0	0	0	0	0
1091	14	0	0	0	0	0	0	0	0	1	0	0	0	0	0	0	0	0	0	0
1092	14	0	0	0	0	0	0	0	0	1	0	0	0	0	0	1	0	0	0	0
1093	15	0	1	0	0	0	1	1	0	1	0	0	0	0	0	0	0	0	0	0
1094	13	0	1	0	0	0	0	1	0	0	0	0	0	0	0	0	0	1	0	0
1095	12	0	0	0	0	0	1	0	0	0	0	0	0	0	0	0	0	0	0	0
1096	11	0	0	0	0	0	0	0	1	0	0	0	0	0	0	0	0	0	0	0
1097	15	0	0	0	0	0	0	0	1	0	0	0	0	0	0	0	0	0	0	0
1098	15	0	0	0	0	0	0	1	0	0	0	0	0	0	0	0	0	1	0	0
1099	12	0	0	0	0	0	0	0	0	1	0	0	0	0	0	0	0	0	0	0
1100	13	0	0	0	0	0	0	0	0	1	0	0	0	0	0	0	0	0	0	0
1101	12	0	0	0	0	0	0	0	0	1	0	0	0	0	0	0	0	0	0	0
1102	5	0	0	0	0	0	0	0	0	1	0	0	0	0	0	0	0	0	0	0
1103	14	0	0	0	0	0	0	0	0	1	0	0	0	0	0	0	0	0	0	0
1104	14	0	0	0	0	0	0	1	0	0	0	0	0	0	0	0	0	0	0	0
1105	15	0	0	0	0	0	0	0	0	0	0	0	0	0	0	1	0	0	1	0
1106	11	0	0	0	0	0	0	0	0	1	0	0	0	1	0	0	0	0	0	0
1107	4	0	0	0	0	0	0	0	0	0	0	0	0	0	0	0	1	0	0	0
1108	15	0	0	0	0	0	0	0	0	0	0	0	1	0	0	0	0	0	0	0
1109	5	0	0	0	0	0	0	0	0	0	0	0	0	0	1	0	1	0	0	0
1110	15	0	0	0	0	0	0	0	0	1	0	0	0	0	0	1	0	0	0	0
1111	14	0	1	0	0	0	0	0	0	1	0	0	0	0	0	0	0	0	0	0
1112	14	0	0	0	0	0	1	0	0	0	0	0	0	0	0	0	0	0	0	0
1113	14	0	0	0	0	0	0	0	0	1	0	0	0	0	0	0	0	0	0	0
1114	15	0	0	0	0	1	0	0	0	0	0	0	0	0	0	0	0	0	0	0
1115	14	0	0	0	0	0	1	0	0	1	0	0	0	0	0	0	0	0	0	0
1116	11	0	0	0	0	0	1	0	0	0	0	0	0	0	0	0	0	0	0	0
1117	12	0	0	0	0	0	1	0	0	0	0	0	0	0	0	0	0	0	0	0
1118	11	0	0	0	0	0	0	0	0	1	0	0	0	0	0	0	0	0	0	0
1119	12	0	0	0	0	0	0	0	0	1	0	0	0	0	0	0	0	0	0	0
1120	12	0	0	0	0	0	1	0	0	1	0	0	0	0	0	0	0	0	0	0
1121	12	0	0	0	0	0	0	0	0	1	0	0	0	0	0	0	0	0	0	0
1122	1	0	0	0	0	0	1	0	0	0	0	0	0	0	0	0	0	0	0	0
1123	15	0	0	0	0	0	0	0	0	1	0	0	0	0	0	1	0	0	0	0
1124	14	0	0	0	0	0	0	0	0	1	0	0	0	0	0	0	0	1	0	0
1125	15	0	0	0	0	0	0	0	0	0	0	0	0	0	0	1	0	0	0	0
1126	15	0	0	0	0	0	0	0	0	1	0	0	0	0	0	0	0	0	1	0
1127	14	0	0	0	0	0	1	0	0	0	0	0	0	0	0	0	0	0	0	0
1128	12	0	0	0	0	0	1	0	0	0	0	0	0	0	0	0	0	0	0	0
1129	13	0	0	0	0	0	1	0	0	0	0	0	0	0	0	0	0	0	0	0
1130	12	0	1	0	0	0	1	0	0	0	0	0	0	0	0	0	0	0	0	0
1131	12	0	1	0	0	0	1	0	0	0	0	0	0	0	0	0	0	0	0	0
1132	12	0	0	0	0	0	1	0	0	0	0	0	0	0	0	0	0	0	0	0
1133	12	0	1	0	0	0	1	0	0	0	0	0	0	0	0	0	0	0	0	0
1134	12	0	0	0	0	0	0	0	1	0	0	0	0	0	0	0	0	0	0	0
1135	12	0	0	0	0	0	1	0	0	0	0	0	0	0	0	0	0	0	1	0
1136	5	0	0	0	0	0	0	1	0	0	0	0	0	0	0	0	0	0	0	0
1137	8	0	1	0	0	0	1	0	0	0	0	0	0	0	0	0	0	0	0	1
1138	15	0	0	0	0	0	1	0	0	0	0	0	0	0	0	1	0	0	0	0
1139	11	0	0	0	0	0	0	0	0	1	0	0	0	0	0	0	0	0	0	0
1140	12	0	0	0	0	0	0	0	0	1	0	0	0	0	0	0	0	0	0	0
1141	12	0	0	0	0	0	0	1	0	1	0	0	0	0	0	0	0	0	0	0
1142	11	0	0	0	0	0	0	0	0	1	0	0	0	0	0	0	0	0	0	0
1143	14	0	0	0	0	0	1	0	0	1	0	0	0	0	0	0	0	0	0	0
1144	4	0	0	0	0	0	0	1	0	0	0	0	0	0	0	0	0	1	0	0
1145	14	0	0	0	0	0	1	0	0	0	0	0	1	0	0	0	0	0	0	0
1146	3	0	0	0	0	1	0	0	0	1	0	0	0	0	0	0	0	0	0	0
1147	14	0	0	0	0	0	1	0	0	0	0	0	0	0	0	0	0	0	0	0
1148	1	0	0	0	0	0	1	0	0	0	0	0	0	1	0	1	0	0	0	0
1149	2	0	0	0	0	0	1	0	0	1	0	0	0	0	0	0	0	0	1	0
1150	14	0	0	0	0	0	0	0	0	1	0	0	0	0	0	0	0	0	0	0
1151	11	0	0	0	0	0	1	0	0	0	0	0	0	0	0	0	0	0	0	0
1152	13	0	0	0	0	0	0	0	0	0	0	0	0	0	0	0	0	1	0	0
1153	13	0	0	0	0	0	0	1	0	1	0	0	0	0	0	0	0	1	0	0
1154	12	0	0	0	0	0	1	0	0	0	0	0	0	0	0	0	0	0	0	0
1155	13	0	0	0	0	0	0	0	0	0	0	0	0	0	0	0	1	1	0	0
1156	12	0	0	0	0	0	0	0	0	1	0	0	0	0	0	1	0	0	0	0
1157	11	0	0	0	0	0	0	0	0	1	0	0	0	0	1	1	0	0	0	0
1158	11	0	0	0	0	0	0	1	0	1	0	0	0	0	0	0	0	1	0	0
1159	5	0	0	0	0	0	0	0	0	1	0	0	0	0	0	0	0	0	0	0
1160	14	0	1	0	0	0	0	0	0	0	0	0	0	0	0	0	1	0	0	0
1161	15	0	0	0	0	0	0	0	0	0	0	0	0	0	0	1	0	0	0	0
1162	13	0	0	0	0	0	0	0	0	0	0	0	0	0	0	0	0	1	0	0
1163	13	0	0	0	0	0	1	0	0	0	0	0	0	0	0	0	0	0	0	0
1164	13	0	0	0	1	1	1	0	0	0	0	0	0	0	0	1	0	0	0	0
1165	13	0	0	0	0	0	0	0	0	1	0	0	0	0	0	0	0	0	0	0
1166	12	0	0	0	0	0	0	0	0	1	0	0	0	0	0	0	0	0	0	0
1167	11	0	1	0	0	0	0	0	0	0	0	0	0	0	0	0	0	0	0	0
1168	12	0	0	0	0	0	0	0	0	1	0	0	0	0	0	0	0	0	0	0
1169	13	0	0	0	0	0	1	0	0	0	0	0	0	0	0	0	0	0	0	0
1170	15	0	0	0	0	0	0	1	0	1	0	0	0	0	0	0	0	0	0	0
1171	13	0	0	0	0	0	0	0	0	1	0	0	0	0	0	0	0	0	0	0
1172	13	0	1	0	0	0	0	0	0	0	0	0	0	0	0	0	0	0	0	0
1173	13	0	0	0	0	0	0	0	0	1	0	0	0	0	0	0	0	1	0	0
1174	12	0	0	0	0	0	1	0	0	0	0	0	0	0	0	0	0	0	0	0
1175	8	0	1	0	0	0	0	0	0	1	0	0	0	0	0	0	0	0	0	0
1176	9	0	0	0	0	0	0	0	1	0	0	0	0	0	0	0	0	0	0	0
1177	14	0	0	0	0	0	0	0	0	1	0	0	0	0	0	0	0	0	0	0
1178	16	0	0	0	0	0	1	0	0	0	0	0	0	0	0	0	0	0	0	0
1179	14	0	0	0	0	0	1	0	0	1	0	0	0	0	0	0	0	0	0	0
1180	14	0	0	0	0	0	0	0	0	1	0	0	0	0	0	0	0	0	0	0
1181	13	0	1	1	0	0	0	0	0	0	0	0	0	0	0	1	0	0	0	0
1182	14	0	0	0	1	0	0	0	0	0	0	0	0	0	0	0	1	0	0	0
1183	15	0	0	0	0	0	1	0	0	1	0	0	0	0	0	0	0	0	0	0
1184	9	0	0	0	0	0	1	0	0	0	0	0	0	0	0	0	0	0	0	0
1185	16	0	0	0	0	0	0	0	0	0	0	0	1	0	0	0	0	0	0	0
1186	15	0	1	0	0	0	0	0	0	0	0	0	0	0	0	0	0	0	0	0
1187	15	0	0	0	0	0	0	1	0	0	0	0	0	0	0	0	0	0	0	0
1188	13	0	0	0	0	0	1	0	0	0	0	0	0	0	0	0	0	0	0	0
1189	12	0	0	0	0	0	0	0	0	0	0	0	0	0	0	0	0	0	0	1
1190	12	0	0	0	0	0	0	0	0	0	0	0	0	0	0	0	0	1	0	0
1191	11	0	0	0	0	0	1	0	0	0	0	0	0	0	0	0	0	0	0	0
1192	13	0	1	0	0	0	0	0	0	0	0	0	0	0	0	0	0	0	0	0
1193	15	0	0	0	0	0	1	0	0	0	0	0	0	0	0	0	0	0	0	0
1194	15	0	0	0	0	0	0	0	0	1	0	0	0	0	0	0	0	0	0	0
1195	13	0	0	0	0	0	0	0	0	0	0	0	0	0	0	0	0	1	0	0
1196	15	0	0	0	0	0	1	0	0	0	0	0	0	0	0	0	0	0	0	0
1197	15	0	0	0	0	0	0	0	0	1	0	0	0	0	0	0	0	0	0	0
1198	15	0	0	0	0	0	1	0	0	0	0	0	0	0	0	1	0	0	0	0
1199	14	0	0	0	0	0	0	0	0	0	0	0	0	0	0	1	0	0	0	0
1200	14	0	0	0	0	0	0	0	0	1	0	0	0	0	0	0	0	0	0	0
1201	14	0	0	0	0	0	0	0	0	1	0	0	0	0	0	0	0	0	0	0
1202	15	0	0	0	0	0	0	0	0	1	0	0	0	0	0	0	0	0	0	0
1203	5	0	0	0	0	0	0	0	0	1	0	0	0	0	0	0	0	0	0	0
1204	13	0	0	0	0	0	0	0	0	1	0	0	0	0	0	0	0	0	0	0
1205	10	0	0	0	0	0	0	0	0	1	0	0	0	0	0	0	0	0	0	0
1206	3	0	0	0	0	0	1	0	0	0	0	0	0	0	0	1	0	0	0	0
1207	11	0	0	0	0	0	1	0	0	0	0	0	0	0	0	0	0	0	0	0
1208	12	0	0	0	0	0	1	0	0	0	0	0	0	0	0	0	0	0	0	0
1209	12	0	0	0	0	0	1	0	0	1	0	0	0	0	0	0	0	0	0	0
1210	12	0	0	0	0	0	0	0	0	1	0	0	0	0	0	0	0	1	0	0
1211	11	0	0	0	0	0	0	0	0	0	0	0	0	0	0	0	1	1	0	0
1212	14	0	0	0	0	0	0	0	0	1	0	0	0	0	0	0	0	0	0	0
1213	14	0	1	0	0	0	0	1	0	0	0	0	0	0	0	0	0	0	0	0
1214	15	0	0	0	0	0	0	0	0	1	0	0	0	1	0	0	0	0	0	0
1215	15	0	0	1	0	1	0	0	0	0	0	0	0	0	0	0	0	0	0	0
1216	15	0	0	0	0	0	0	1	0	0	0	0	0	0	0	0	0	0	0	0
1217	14	0	0	0	0	0	0	0	0	1	0	0	0	0	0	0	0	0	0	0
1218	14	0	0	0	0	0	0	0	0	1	0	0	0	0	0	0	0	0	0	0
1219	15	0	0	0	0	0	1	0	0	0	0	0	0	0	0	0	0	0	0	0
1220	14	0	0	0	0	0	0	0	0	1	0	0	0	0	1	0	0	0	0	0
1221	12	0	0	0	0	0	0	0	0	1	0	0	0	0	0	0	0	0	0	0
1222	1	0	0	0	0	0	1	0	0	0	0	0	0	1	0	1	0	0	0	0
1223	14	0	0	0	0	0	1	0	0	0	0	0	0	0	0	0	0	0	0	0
1224	14	0	0	0	0	0	1	0	0	0	0	0	0	0	0	0	0	0	0	0
1225	14	0	0	0	0	0	0	0	0	0	0	0	0	0	0	1	0	0	0	0
1226	14	0	0	0	0	0	1	0	0	0	0	0	0	0	0	0	0	0	0	0
1227	16	0	0	0	0	0	0	0	1	0	0	0	0	0	0	0	0	0	0	0
1228	15	0	0	0	0	0	1	0	0	1	0	0	0	0	0	0	0	0	0	0
1229	14	0	0	0	0	0	1	0	0	1	0	0	0	0	0	0	0	0	0	0
1230	12	0	0	0	0	0	0	0	0	1	0	0	0	0	0	1	0	0	0	0
1231	3	0	0	0	0	0	1	0	0	0	0	0	0	1	0	0	0	0	0	0
1232	2	0	0	0	0	0	0	0	0	1	0	0	0	0	0	1	0	0	0	0
1233	15	0	0	0	0	0	0	0	0	1	0	0	0	0	0	1	0	0	0	0
1234	6	0	0	0	0	0	1	0	0	0	0	0	0	0	0	0	0	0	0	0
1235	15	0	0	0	0	0	1	0	0	0	0	0	0	0	0	0	0	0	0	0
1236	12	0	1	0	0	0	0	0	0	0	0	0	0	0	0	0	0	0	0	0
1237	13	0	0	0	0	0	1	0	0	0	0	0	0	0	0	0	0	0	0	0
1238	14	0	0	0	0	0	1	0	0	1	0	0	0	0	0	0	0	0	0	0
1239	14	0	0	0	0	0	1	0	0	1	0	0	0	0	0	0	0	0	0	0
1240	16	0	0	0	0	0	0	0	0	0	0	1	0	0	1	0	0	1	0	0
1241	12	0	1	1	0	0	0	0	0	0	0	0	0	0	0	0	0	1	0	0
1242	15	0	0	0	0	0	0	0	0	1	0	0	0	0	0	1	0	0	0	0
1243	15	0	0	0	0	0	0	0	0	1	0	0	0	0	0	0	0	0	0	0
1244	11	0	0	0	0	0	1	0	0	0	0	0	0	0	0	0	0	0	0	0
1245	14	0	0	0	0	0	0	0	0	1	0	0	0	0	0	0	0	1	0	0
1246	14	0	0	0	0	0	0	0	0	1	0	0	0	0	0	0	0	0	0	0
1247	14	0	0	0	0	0	0	0	0	1	0	0	0	0	0	0	0	0	0	0
1248	12	0	0	0	0	0	1	0	0	1	0	0	0	0	0	0	0	0	0	0
1249	14	0	0	0	0	0	0	0	0	1	0	0	0	0	0	0	0	0	0	0
1250	14	0	0	0	0	1	1	0	0	0	1	0	0	0	0	0	0	0	0	0
1251	14	0	0	0	0	0	1	0	0	0	0	0	0	0	0	0	0	0	0	0
1252	11	0	0	0	0	0	0	0	0	1	0	0	0	0	0	0	0	0	0	0
1253	10	0	0	0	0	0	0	0	0	1	0	0	0	0	0	0	0	0	0	0
1254	12	0	0	0	0	0	0	0	0	0	0	0	0	0	0	1	0	0	0	0
1255	14	0	0	0	0	0	0	0	0	1	0	0	0	0	0	0	0	0	0	0
1256	12	0	0	0	1	0	0	0	0	0	0	0	0	0	0	0	0	0	0	0
1257	12	0	0	0	0	0	0	0	0	1	0	0	0	0	0	0	0	0	0	0
1258	11	0	0	0	0	0	0	0	0	1	0	0	0	0	0	0	0	0	0	0
1259	15	0	0	0	0	0	1	0	0	0	0	0	0	0	0	0	0	0	0	0
1260	15	0	0	0	0	0	0	0	1	0	0	0	0	0	0	0	0	0	0	0
1261	15	0	0	0	0	0	0	0	0	0	0	0	0	0	0	1	0	0	0	0
1262	15	0	0	0	0	0	0	0	0	1	0	0	0	0	0	0	0	0	0	0
1263	14	0	0	0	0	0	0	0	0	1	0	0	0	0	0	0	0	0	0	0
1264	15	0	0	1	0	1	0	0	0	0	0	0	0	0	0	0	0	0	0	0
1265	15	0	0	0	0	0	1	0	0	0	0	0	0	0	0	1	0	0	0	0
1266	15	0	0	0	0	0	0	0	0	0	0	0	0	0	0	0	1	0	0	0
1267	15	0	0	0	0	0	0	0	0	1	0	0	0	0	0	0	0	0	0	0
1268	15	0	0	0	0	0	0	0	0	1	0	0	0	0	0	0	0	0	0	0
1269	15	0	1	0	0	0	0	0	0	0	0	0	0	0	0	0	0	1	0	0
1270	15	0	0	0	0	0	0	0	0	0	0	0	0	0	0	1	0	0	0	0
1271	16	0	0	0	0	0	0	0	0	1	0	0	0	0	0	0	0	0	0	0
1272	14	0	0	0	0	0	0	0	0	1	0	0	0	0	0	0	0	0	0	0
1273	1	0	0	0	0	0	0	0	0	1	0	0	0	0	0	0	0	0	0	0
1274	15	0	0	0	0	0	0	0	0	0	0	0	0	0	0	0	0	1	0	0
1275	13	0	0	0	0	0	0	0	0	1	0	0	0	0	0	1	0	0	0	0
1276	11	0	0	0	0	0	0	0	0	1	0	0	0	0	0	0	0	0	0	0
1277	7	0	0	0	0	0	1	0	0	0	0	0	0	0	0	0	0	0	0	0
1278	15	0	0	0	0	0	0	0	0	1	0	0	0	0	0	0	0	0	0	0
1279	13	0	0	0	0	0	0	0	0	1	0	0	0	0	0	1	0	0	0	0
1280	12	0	1	0	0	0	0	0	0	0	0	0	0	0	0	0	0	0	0	0
1281	12	0	0	0	1	1	0	0	0	0	0	0	0	0	0	0	0	0	0	0
1282	4	0	0	1	0	0	0	0	0	0	0	0	0	0	0	0	1	0	0	0
1283	13	0	0	0	1	1	0	0	0	0	0	0	0	0	0	0	0	0	0	0
1284	12	0	1	0	0	0	0	0	0	0	0	0	0	0	0	0	0	0	0	0
1285	12	0	1	0	0	1	0	0	0	0	0	0	0	0	0	0	0	0	0	0
1286	12	0	1	0	0	0	0	0	0	0	0	0	0	0	0	0	1	0	0	0
1287	12	0	1	0	0	0	0	0	0	0	0	0	0	0	0	0	1	0	0	0
1288	11	0	0	0	0	0	0	0	0	1	0	0	0	0	0	0	0	0	0	0
1289	12	0	0	0	0	0	1	0	0	1	0	0	0	0	0	0	0	0	0	0
1290	14	0	0	0	0	0	1	0	0	1	0	0	0	0	0	0	0	0	0	0
1291	14	0	0	0	0	0	0	0	0	1	0	0	0	0	0	0	0	0	0	0
1292	15	0	0	0	0	0	1	0	0	0	0	0	0	0	0	0	0	0	0	0
1293	15	0	0	0	0	0	0	0	0	0	0	0	0	0	0	0	0	1	0	0
1294	16	0	0	0	0	0	0	0	0	0	0	0	0	0	0	1	0	0	0	0
1295	13	0	0	0	0	0	1	0	0	0	0	0	0	0	0	0	0	0	0	0
1296	12	0	0	0	0	0	1	0	0	0	0	0	0	0	0	0	0	0	0	0
1297	13	0	0	0	0	0	0	0	0	1	0	0	0	0	0	0	0	0	0	0
1298	12	0	0	0	0	0	0	1	0	1	0	0	0	0	0	0	0	0	0	0
1299	12	0	0	0	0	0	0	0	0	1	0	0	0	0	0	0	0	0	0	0
1300	13	0	0	0	0	0	0	0	0	1	0	0	0	0	0	1	0	0	0	0
1301	13	0	0	0	0	0	0	0	0	1	0	0	0	0	0	0	0	0	0	0
1302	4	0	0	0	0	1	1	0	0	0	0	0	0	0	1	0	0	0	0	0
1303	13	0	0	0	0	0	1	0	0	0	0	0	0	0	0	0	0	0	0	0
1304	14	0	0	0	0	0	0	0	0	1	0	0	0	0	0	0	0	0	0	0
1305	2	0	0	0	0	0	0	0	0	0	0	0	0	0	0	0	0	1	0	0
1306	2	0	0	0	0	0	0	0	0	0	0	0	0	0	0	0	0	0	0	1
1307	3	0	0	0	0	0	1	0	0	1	0	0	0	0	0	0	0	0	0	0
1308	14	0	0	0	0	0	0	0	0	0	0	0	0	1	0	0	0	0	0	0
1309	14	0	0	0	0	0	0	1	0	1	0	0	0	0	0	1	0	0	0	0
1310	13	0	0	0	0	0	0	0	0	1	0	0	0	0	0	0	0	0	0	0
1311	13	0	0	0	0	0	0	0	0	1	0	0	0	0	0	0	0	0	0	0
1312	13	0	0	1	0	1	0	0	0	0	0	0	0	0	0	0	0	0	0	0
1313	13	0	0	0	1	1	0	0	0	0	0	0	0	0	0	0	0	0	0	0
1314	13	0	0	0	0	0	0	0	0	0	0	0	0	0	0	0	0	1	0	0
1315	1	0	0	0	0	1	0	0	0	1	0	0	0	0	0	0	0	0	0	0
1316	12	0	0	0	0	0	1	0	0	0	0	0	0	0	0	1	0	0	0	0
1317	11	0	0	0	0	0	1	0	0	1	0	0	0	0	0	0	0	0	0	0
1318	13	0	1	0	0	0	0	1	0	1	0	0	0	0	0	0	0	0	0	0
1319	13	0	0	0	0	0	1	0	0	0	0	0	0	0	0	0	0	0	0	0
1320	5	0	0	1	0	1	1	0	0	0	0	0	0	0	0	0	0	0	0	0
1321	16	0	1	0	0	0	0	0	0	1	0	0	0	0	0	1	0	0	0	0
1322	11	0	0	0	0	0	1	0	0	0	0	0	0	0	0	1	0	0	0	0
1323	12	0	0	0	0	0	1	0	0	0	0	0	0	0	0	0	0	0	0	0
1324	14	0	0	0	0	0	0	0	0	1	0	0	0	0	0	0	0	0	0	0
1325	14	0	0	0	0	0	1	1	0	0	0	0	0	0	0	0	0	0	0	0
1326	15	0	0	0	0	0	0	0	0	0	0	0	0	0	0	0	0	0	1	0
1327	13	0	0	1	0	1	0	0	0	0	0	0	0	0	0	0	0	0	0	0
1328	12	0	0	0	0	0	1	0	0	0	0	0	0	0	0	0	0	0	0	0
1329	15	0	0	0	0	0	1	0	0	0	0	0	0	0	0	0	0	0	0	0
1330	14	0	0	0	0	0	0	0	0	1	0	0	0	0	0	0	0	0	0	0
1331	15	0	0	0	0	0	0	0	0	1	0	0	0	0	0	0	0	0	0	0
1332	14	0	0	0	0	0	0	0	0	1	0	0	0	0	0	0	0	0	0	0
1333	13	0	0	0	0	0	0	0	0	1	0	0	0	0	0	0	0	0	0	0
1334	12	0	0	0	0	0	0	0	0	0	0	0	0	0	0	0	0	1	0	0
1335	14	0	0	0	0	0	0	0	0	1	0	0	0	0	0	0	0	0	0	0
1336	16	0	0	0	0	0	1	0	0	0	0	0	0	0	0	0	0	0	0	0
1337	14	0	0	0	0	0	0	0	0	0	0	0	0	0	0	0	0	0	1	0
1338	13	0	0	0	0	0	0	0	0	1	0	0	0	0	0	0	0	0	0	0
1339	13	0	0	1	0	1	0	0	0	0	0	0	0	0	0	0	0	0	0	0
1340	15	0	0	0	0	0	1	1	0	0	0	0	0	0	0	0	0	0	0	0
1341	13	0	0	1	0	1	0	0	0	0	0	0	0	0	0	0	0	0	0	0
1342	11	0	0	1	0	1	0	0	0	0	0	0	0	0	0	0	0	0	0	0
1343	14	0	0	0	0	0	0	0	0	1	0	0	0	0	0	0	0	0	0	0
1344	16	0	0	0	0	0	0	0	0	1	0	0	0	0	0	0	0	0	0	0
1345	16	0	0	0	0	0	0	0	0	1	0	0	0	0	0	0	0	0	0	0
1346	10	0	1	0	0	0	0	0	0	1	0	0	0	0	0	0	0	0	0	0
1347	15	0	0	0	0	0	0	1	0	0	0	0	0	0	0	0	0	1	0	0
1348	15	0	1	1	0	1	0	0	0	0	1	0	0	0	0	0	0	0	0	0
1349	15	0	0	0	0	0	1	0	0	0	0	0	0	0	0	0	0	0	0	0
